subid,time_step,demand,predicted_demand,capacity,reward,sla_violation
0,0,97.06588119415144,97.06588119415144,1.0,-10.5,1
0,1,153.5861508319162,153.5861508319162,1.5,-10.0,1
0,2,151.21520477876757,151.21520477876757,1.5,-10.5,1
0,3,55.97853789232672,55.97853789232672,2.0,-10.0,1
0,4,6.946798743462312,6.946798743462312,2.0,-10.5,1
0,5,59.67230481306835,59.67230481306835,2.5,-10.0,1
0,6,189.18649130584384,189.18649130584384,2.5,-10.5,1
0,7,11.923463898703035,11.923463898703035,3.0,-10.0,1
0,8,88.1202393572129,88.1202393572129,3.0,-10.5,1
0,9,83.30024215897541,83.30024215897541,3.5,-10.0,1
0,10,7.688058655961398,7.688058655961398,3.5,-10.5,1
0,11,5.162131777811526,83.4025046624184,4.0,-10.0,1
0,12,4.678758353892052,74.93368506872797,4.0,-10.5,1
0,13,6.361393346146589,61.438082299199074,4.5,-10.0,1
0,14,4.807779633906198,48.01740166092012,4.5,-10.5,1
0,15,4.723818178868559,43.319052353853124,5.0,-0.2761818211314413,0
0,16,8.164802777103601,43.430702723603574,5.0,-10.5,1
0,17,46.108570953551904,42.187360453147896,5.5,-10.0,1
0,18,52.835200810381984,29.68849215773056,5.5,-10.5,1
0,19,5.971083063031003,29.14285724779396,6.0,-0.02891693696899722,0
0,20,5.774951170511388,21.59453916401299,6.0,-0.7250488294886122,0
0,21,5.29485405622487,14.444045254594183,6.5,-1.20514594377513,0
0,22,5.5319250397455,14.246399673107724,6.5,-1.4680749602544996,0
0,23,6.913712531429908,14.406961242189409,7.0,-0.08628746857009162,0
0,24,5.024804425302103,14.438682132068664,7.0,-2.4751955746978966,0
0,25,5.053660835261618,14.31880665190421,7.5,-2.446339164738382,0
0,26,5.342189198555644,14.36779419533041,7.5,-2.6578108014443558,0
0,27,36.10254468636936,17.24417745851798,8.0,-10.0,1
0,28,44.01921892007516,20.53083227162371,8.0,-10.5,1
0,29,17.979036565817044,17.952291619414677,8.5,-10.0,1
0,30,5.527326429623313,13.615736467845135,8.5,-3.4726735703766867,0
0,31,4.891668172639661,13.516790102892596,9.0,-4.108331827360339,0
0,32,4.855064954745969,13.432467199780763,9.0,-4.644935045254031,0
0,33,6.137582310761228,13.509717289779928,9.5,-3.3624176892387716,0
0,34,4.922354345971725,13.453839976183996,9.5,-5.077645654028275,0
0,35,7.112781976462034,13.472088008645276,10.0,-2.887218023537966,0
0,36,5.650967319260392,13.529486273924785,10.0,-4.849032680739608,0
0,37,7.729673097303897,13.774787397945332,10.5,-2.7703269026961026,0
0,38,4.543235460881643,13.70154997199188,10.5,-6.456764539118357,0
0,39,5.819436013992841,10.925598343690702,11.0,-5.180563986007159,0
0,40,7.677589498013964,7.594282313335092,11.0,-3.3224105019860364,0
0,41,6.262547815441867,6.520270844550699,11.0,-4.737452184558133,0
0,42,4.854693400572565,6.458612816887716,11.0,-6.145306599427435,0
0,43,5.100675543416972,6.477771825875635,11.0,-5.899324456583028,0
1,0,53.984457667505644,53.984457667505644,1.0,-10.5,1
1,1,96.81908643918652,96.81908643918652,1.5,-10.0,1
1,2,28.40950465153592,28.40950465153592,1.5,-10.5,1
1,3,16.265034020702615,16.265034020702615,2.0,-10.0,1
1,4,77.09539446207923,77.09539446207923,2.0,-10.5,1
1,5,89.70195822108747,89.70195822108747,2.5,-10.0,1
1,6,114.74068204103703,114.74068204103703,2.5,-10.5,1
1,7,6.495217166354557,6.495217166354557,3.0,-10.0,1
1,8,142.67252263737254,142.67252263737254,3.0,-10.5,1
1,9,68.89135022804203,68.89135022804203,3.5,-10.0,1
1,10,6.125225726833766,6.125225726833766,3.5,-10.5,1
1,11,18.06558865180576,65.93271867540811,4.0,-10.0,1
1,12,66.95058195801415,67.12128006870473,4.0,-10.5,1
1,13,41.68709401005369,62.067514096034216,4.5,-10.0,1
1,14,5.606131393235509,59.97720488069002,4.5,-10.5,1
1,15,6.819802432475449,59.111391985102514,5.0,-10.0,1
1,16,6.200651784131123,52.61270723962394,5.0,-10.5,1
1,17,11.656477896984038,45.45853820991447,5.5,-10.0,1
1,18,21.572603135349947,36.91813097689315,5.5,-10.5,1
1,19,6.556679553560261,36.923765029053676,6.0,-10.0,1
1,20,24.86687169805054,26.12491369294916,6.0,-10.5,1
1,21,7.893327781725797,20.533428302036835,6.5,-10.0,1
1,22,6.169390412238886,20.53747673153231,6.5,-0.8306095877611144,0
1,23,5.767877998298031,19.410186588294096,7.0,-1.2321220017019687,0
1,24,5.719333507165363,13.797322146966295,7.0,-1.7806664928346372,0
1,25,6.052169399436599,10.530787390993058,7.5,-1.4478306005634014,0
1,26,5.575087745715356,10.52794172330371,7.5,-2.424912254284644,0
1,27,5.239996481383006,10.383126177786902,8.0,-2.760003518616994,0
1,28,5.860166369363204,10.351915014766512,8.0,-2.6398336306367964,0
1,29,6.182544019861076,9.850137742696905,8.5,-2.3174559801389236,0
1,30,12.598428788003943,9.027505094190191,8.5,-10.5,1
1,31,44.44480130747353,12.50058292163224,9.0,-10.0,1
1,32,18.22683122764084,11.891912545178018,9.0,-10.5,1
1,33,6.607061442026337,11.774004797372235,9.5,-2.892938557973663,0
1,34,7.013414870242267,11.851373706022544,9.5,-2.9865851297577333,0
1,35,5.88168889289353,11.861806371360466,10.0,-4.11831110710647,0
1,36,5.891616710098364,11.877598998295987,10.0,-4.608383289901636,0
1,37,7.97053869610777,12.053449517157516,10.5,-2.52946130389223,0
1,38,72.1407487716361,18.155301777866917,10.5,-10.5,1
1,39,5.482168222019563,18.177500854091935,11.0,-5.517831777980437,0
1,40,5.653660142194286,18.15857111660145,11.0,-5.846339857805714,0
1,41,5.498114510038423,18.09583174486771,11.5,-6.001885489961577,0
1,42,4.830313065494158,17.383754470304307,11.5,-7.169686934505842,0
1,43,5.277577982771209,13.79342566553993,12.0,-6.722422017228791,0
2,0,154.0114582772018,154.0114582772018,1.0,-10.5,1
2,1,166.24664707257844,166.24664707257844,1.5,-10.0,1
2,2,165.747770631669,165.747770631669,1.5,-10.5,1
2,3,62.27154899146103,62.27154899146103,2.0,-10.0,1
2,4,7.397439398636309,7.397439398636309,2.0,-10.5,1
2,5,8.876661826646396,8.876661826646396,2.5,-10.0,1
2,6,7.989972853409199,7.989972853409199,2.5,-10.5,1
2,7,16.85209644189488,16.85209644189488,3.0,-10.0,1
2,8,36.47647335229367,36.47647335229367,3.0,-10.5,1
2,9,10.291169370590207,10.291169370590207,3.5,-10.0,1
2,10,7.547680890174951,7.547680890174951,3.5,-10.5,1
2,11,6.613720453655965,59.612908626352755,4.0,-10.0,1
2,12,25.743010710120878,47.85496759937033,4.0,-10.5,1
2,13,9.472662980362475,33.48401905758387,4.5,-10.0,1
2,14,5.677877259603104,18.81094549847783,4.5,-10.5,1
2,15,6.42789708156236,13.691944073403786,5.0,-10.0,1
2,16,11.2811102164414,14.047947231702585,5.0,-10.5,1
2,17,21.48620163548985,15.203821714179902,5.5,-10.0,1
2,18,44.460822721638,18.54698295210088,5.5,-10.5,1
2,19,48.21851063604326,21.42223758656448,6.0,-10.0,1
2,20,16.966322930299352,19.633807131214997,6.0,-10.5,1
2,21,21.175770140952544,20.63156220183155,6.5,-10.0,1
2,22,12.552819056302138,21.09036653372654,6.5,-10.5,1
2,23,7.979103946605496,21.215526687246918,7.0,-10.0,1
2,24,5.860992498167084,19.393008351151153,7.0,-1.639007501832916,0
2,25,26.615554190911844,20.964440045451504,7.5,-10.0,1
2,26,7.233214761996523,21.10701264983757,7.5,-0.766785238003477,0
2,27,6.206464448365342,21.08671465846118,8.0,-1.7935355516346583,0
2,28,8.774597511017287,20.8569509937973,8.0,-10.5,1
2,29,6.79659009609714,19.510403269352967,8.5,-1.7034099039028598,0
2,30,6.91481425311569,16.068685826405087,8.5,-2.08518574688431,0
2,31,19.273755600553624,13.415416614818538,9.0,-10.0,1
2,32,39.76934242899222,15.505693402198721,9.0,-10.5,1
2,33,39.080188309004924,17.14693173427019,9.5,-10.0,1
2,34,15.407251480482264,17.40858803982003,9.5,-10.5,1
2,35,6.48648207837952,17.271764368565986,10.0,-3.5135179216204797,0
2,36,66.30283530172436,22.81226662555873,10.0,-10.5,1
2,37,100.3335920252594,29.56975342704059,10.5,-10.0,1
2,38,174.98083531383676,44.94661864429262,10.5,-10.5,1
2,39,42.03179030594665,48.23060684790424,11.0,-10.0,1
2,40,7.358394231154823,48.10078821391685,11.0,-4.141605768845177,0
2,41,25.973612143331103,49.85868190157997,11.5,-10.0,1
2,42,34.367140308905626,52.375145123360696,11.5,-10.5,1
2,43,56.21728980699905,55.76163575895154,12.0,-10.0,1
3,0,123.29244729281189,123.29244729281189,1.0,-10.5,1
3,1,35.34840810342648,35.34840810342648,1.5,-10.0,1
3,2,85.54610073995433,85.54610073995433,1.5,-10.5,1
3,3,20.660457948409,20.660457948409,2.0,-10.0,1
3,4,28.717189349490575,28.717189349490575,2.0,-10.5,1
3,5,91.93758729685362,91.93758729685362,2.5,-10.0,1
3,6,6.516906798712816,6.516906798712816,2.5,-10.5,1
3,7,11.756523105348116,11.756523105348116,3.0,-10.0,1
3,8,36.6882370193138,36.6882370193138,3.0,-10.5,1
3,9,56.35330459133091,56.35330459133091,3.5,-10.0,1
3,10,87.96754566426858,87.96754566426858,3.5,-10.5,1
3,11,15.134620363892758,54.99260509176619,4.0,-10.0,1
3,12,7.340540429525296,44.36368029596491,4.0,-10.5,1
3,13,5.167102889859523,41.597060651387935,4.5,-10.0,1
3,14,4.586643837355095,34.175777101983,4.5,-10.5,1
3,15,4.766014799226775,32.71878647997464,5.0,-0.23398520077322527,0
3,16,5.915218901678147,30.628605855591836,5.0,-10.5,1
3,17,4.711065721809303,22.632841377879437,5.5,-0.7889342781906974,0
3,18,28.760474020884555,24.67183503991185,5.5,-10.5,1
3,19,5.537982677866171,24.10180216739267,6.0,-0.4620173221338293,0
3,20,4.771460807437356,21.176097681303997,6.0,-1.7285391925626437,0
3,21,6.711992935447052,16.625644112847976,6.5,-10.0,1
3,22,5.360430772250087,9.053325247746278,6.5,-1.639569227749913,0
3,23,5.108336593083866,8.134249235422129,7.0,-1.891663406916134,0
3,24,6.907232863763516,8.0945293752273,7.0,-0.5927671362364837,0
3,25,4.6711448963360205,8.049066559154312,7.5,-2.8288551036639795,0
3,26,35.36959050884492,10.870836670707547,7.5,-10.5,1
3,27,37.622278002329125,13.882660797658597,8.0,-10.0,1
3,28,5.114510784066856,13.809262553544226,8.0,-3.385489215933144,0
3,29,5.220962092004982,13.8560030541455,8.5,-3.2790379079950176,0
3,30,28.67047344244329,13.847753001121715,8.5,-10.5,1
3,31,16.644628858845152,14.865862234378122,9.0,-10.0,1
3,32,4.882464068839683,14.876037533340003,9.0,-4.617535931160317,0
3,33,5.516673256841107,14.766466562801124,9.5,-3.9833267431588926,0
3,34,4.600109967939585,14.69677048907266,9.5,-5.399890032060415,0
3,35,27.67477623103613,16.765360789218285,10.0,-10.0,1
3,36,7.555600760082418,16.824794513047518,10.0,-2.9443992399175816,0
3,37,6.553085869154193,16.997305768889184,10.5,-3.9469141308458067,0
3,38,4.784350633497539,14.193658780315674,10.5,-6.215649366502461,0
3,39,34.38093209344259,13.896535405334406,11.0,-10.0,1
3,40,5.606657256317822,13.94164883195741,11.0,-5.893342743682178,0
3,41,5.12630619841585,13.932972041711741,11.5,-6.37369380158415,0
3,42,3.434515377495932,11.619675885758234,11.5,-8.565484622504068,0
3,43,4.44903947756157,10.501746859140571,12.0,-7.55096052243843,0
3,44,0.3838342687662117,10.089372460800504,12.0,-12.116165731233789,0
4,0,3.0548600812528157,3.0548600812528157,1.0,-10.5,1
4,1,6.172130628758138,6.172130628758138,1.5,-10.0,1
4,2,7.762263511368404,7.762263511368404,1.5,-10.5,1
4,3,6.148205216851277,6.148205216851277,2.0,-10.0,1
4,4,18.015692666676884,18.015692666676884,2.0,-10.5,1
4,5,65.6438907195744,65.6438907195744,2.5,-10.0,1
4,6,103.25913138250834,103.25913138250834,2.5,-10.5,1
4,7,43.1003057001555,43.1003057001555,3.0,-10.0,1
4,8,3.953615062152553,3.953615062152553,3.0,-10.5,1
4,9,3.820037635887617,3.820037635887617,3.5,-10.0,1
4,10,54.47192314367113,54.47192314367113,3.5,-10.5,1
4,11,14.439231690364442,30.235451348595305,4.0,-10.0,1
4,12,4.361796847027813,30.355253885458016,4.0,-10.5,1
4,13,7.493043412739867,30.47633755732301,4.5,-10.0,1
4,14,7.663915424859738,30.46732231605971,4.5,-10.5,1
4,15,3.965614962087772,30.267251542706394,5.0,-1.034385037912228,0
4,16,74.47842703635672,35.44300219326038,5.0,-10.5,1
4,17,92.24428798677631,37.88137194275389,5.5,-10.0,1
4,18,11.840987314280056,29.501375403166293,5.5,-10.5,1
4,19,55.50086616572849,30.63809344584381,6.0,-10.0,1
4,20,90.31212763202076,38.55429043141507,6.0,-10.5,1
4,21,39.91431631717724,41.862932643866614,6.5,-10.0,1
4,22,4.769265346632216,37.306855679138046,6.5,-2.230734653367784,0
4,23,4.073009113905416,36.3566186096293,7.0,-2.9269908860945844,0
4,24,3.859470815895226,36.310572056775484,7.0,-3.640529184104774,0
4,25,6.204979978671234,36.192499575319204,7.5,-1.2950200213287664,0
4,26,92.30429099068895,43.951200668853545,7.5,-10.5,1
4,27,99.30678060828944,52.69080751975536,8.0,-10.0,1
4,28,50.87711645935291,50.52735405019668,8.0,-10.5,1
4,29,21.57516165290346,44.049350802925005,8.5,-10.0,1
4,30,38.10646397501918,46.457019496826085,8.5,-10.5,1
4,31,3.281260158717953,41.67022227951679,9.0,-5.718739841282047,0
4,32,14.70099766570155,34.7392020326042,9.0,-10.5,1
4,33,22.959673881324655,33.18502647598437,9.5,-10.0,1
4,34,6.926407774646496,33.38276453188568,9.5,-3.0735922253535044,0
4,35,43.89913610532196,37.0334928394322,10.0,-10.0,1
4,36,3.719165958408784,37.02063156082928,10.0,-6.780834041591216,0
4,37,6.51174502574498,37.04875169014437,10.5,-3.98825497425502,0
4,38,3.401238012613776,28.899305167154143,10.5,-7.598761987386224,0
4,39,3.1407817213470963,20.08408860251776,11.0,-7.859218278652904,0
4,40,15.056296706411931,16.800513458498166,11.0,-10.5,1
4,41,19.355316372362186,16.59702764111522,11.5,-10.0,1
4,42,20.45002869587159,14.978521073860023,11.5,-10.5,1
4,43,17.17101887925397,16.251748956575824,12.0,-10.0,1
4,44,0.3868500485622847,14.939618758338058,12.0,-12.113149951437716,0
5,0,127.31953326651738,127.31953326651738,1.0,-10.5,1
5,1,107.3005055448876,107.3005055448876,1.5,-10.0,1
5,2,68.51317295476963,68.51317295476963,1.5,-10.5,1
5,3,10.55454665047104,10.55454665047104,2.0,-10.0,1
5,4,7.101506348196306,7.101506348196306,2.0,-10.5,1
5,5,7.989557143124988,7.989557143124988,2.5,-10.0,1
5,6,7.212672562024048,7.212672562024048,2.5,-10.5,1
5,7,13.104793616197018,13.104793616197018,3.0,-10.0,1
5,8,209.06580802809128,209.06580802809128,3.0,-10.5,1
5,9,102.45289987120468,102.45289987120468,3.5,-10.0,1
5,10,59.92898285710513,59.92898285710513,3.5,-10.5,1
5,11,20.90163267281481,67.96584772224536,4.0,-10.0,1
5,12,10.935818142732543,57.29734050256508,4.0,-10.5,1
5,13,22.85947243541491,49.55691246753009,4.5,-10.0,1
5,14,8.985431751181371,44.10020285720116,4.5,-10.5,1
5,15,9.016378524269616,43.95920411229937,5.0,-10.0,1
5,16,7.479058786071529,43.99381308577126,5.0,-10.5,1
5,17,11.124732327487449,44.28120414433782,5.5,-10.0,1
5,18,63.11177834803889,49.40528884138918,5.5,-10.5,1
5,19,34.10514020162824,51.33032061172038,6.0,-10.0,1
5,20,7.119869383140739,32.81860956926658,6.0,-10.5,1
5,21,8.388836308498986,24.19607040935189,6.5,-10.0,1
5,22,7.775918250376737,19.415372820401785,6.5,-10.5,1
5,23,8.579042691401927,18.285802072105607,7.0,-10.0,1
5,24,7.668110102434735,17.98626216841164,7.0,-10.5,1
5,25,7.562668709036494,16.584055160160283,7.5,-10.0,1
5,26,9.516337543912126,16.632721524493935,7.5,-10.5,1
5,27,33.61686346404513,18.887765977306692,8.0,-10.0,1
5,28,14.08135286819416,19.492976268167936,8.0,-10.5,1
5,29,9.11393937126265,19.308653580513994,8.5,-10.0,1
5,30,6.889004132241977,14.154899277399277,8.5,-2.1109958677580227,0
5,31,7.267946893658722,11.694823224168735,9.0,-1.7320531063412776,0
5,32,7.600935092077181,11.738920914154578,9.0,-1.8990649079228188,0
5,33,13.095489321243404,12.170364106989481,9.5,-10.0,1
5,34,7.268334638723376,12.12383560925459,9.5,-2.731665361276624,0
5,35,8.175463054822218,12.086840809234785,10.0,-1.8245369451777815,0
5,36,6.768038858965349,12.004334278583423,10.0,-3.7319611410346507,0
5,37,7.070866235644237,11.959252385189131,10.5,-3.429133764355763,0
5,38,7.546167160347883,11.77865343336241,10.5,-3.453832839652117,0
5,39,8.674577649476333,9.492277233693605,11.0,-2.3254223505236666,0
5,40,8.847574790888242,9.012514243273893,11.0,-2.652425209111758,0
5,41,7.45516001991701,8.860459469400546,11.5,-4.04483998008299,0
5,42,7.280133224948639,8.896312969565322,11.5,-4.219866775051361,0
5,43,6.1644717949986,8.795161085521478,11.5,-5.3355282050014,0
6,0,188.31496269880412,188.31496269880412,1.0,-10.5,1
6,1,137.52112349871317,137.52112349871317,1.5,-10.0,1
6,2,88.3499873410822,88.3499873410822,1.5,-10.5,1
6,3,24.729563321511453,24.729563321511453,2.0,-10.0,1
6,4,7.676608201843513,7.676608201843513,2.0,-10.5,1
6,5,59.91500097744138,59.91500097744138,2.5,-10.0,1
6,6,7.0920729707662336,7.0920729707662336,2.5,-10.5,1
6,7,6.376742702607275,6.376742702607275,3.0,-10.0,1
6,8,5.425911434861478,5.425911434861478,3.0,-10.5,1
6,9,5.138211128294751,5.138211128294751,3.5,-10.0,1
6,10,5.131568657926176,5.131568657926176,3.5,-10.5,1
6,11,12.8125371126476,50.27772658759578,4.0,-10.0,1
6,12,23.52418204057445,35.171905027258056,4.0,-10.5,1
6,13,8.651921088534507,23.358894806325008,4.5,-10.0,1
6,14,12.143596039208418,16.373308936986582,4.5,-10.5,1
6,15,7.042561377181139,14.752000425422967,5.0,-10.0,1
6,16,4.851050446359354,14.492990964503585,5.0,-0.6489495536406462,0
6,17,5.25664937773336,9.482642067863685,5.5,-0.2433506222666404,0
6,18,49.71028169558715,13.389311200972271,5.5,-10.5,1
6,19,47.59739730272906,17.167871205983435,6.0,-10.0,1
6,20,36.16488093151538,19.98561007651004,6.0,-10.5,1
6,21,6.573559246903953,20.11718365404922,6.5,-10.0,1
6,22,7.825460181995027,20.364123710422195,6.5,-10.5,1
6,23,20.54748159657889,21.073160288115897,7.0,-10.0,1
6,24,29.42534285265792,21.614100029223547,7.0,-10.5,1
6,25,5.103871922120726,21.288862188968956,7.5,-2.3961280778792737,0
6,26,6.188026664884062,20.742934996322557,7.5,-1.8119733351159377,0
6,27,5.953878785161623,20.6431390920541,8.0,-2.0461212148383767,0
6,28,6.219246622095451,20.768557074829907,8.0,-2.2807533779045492,0
6,29,5.055225386675184,20.750093208982907,8.5,-3.4447746133248156,0
6,30,5.392169094027546,16.68759955383994,8.5,-3.6078309059724543,0
6,31,8.117992877415155,13.06865414818617,9.0,-0.8820071225848451,0
6,32,5.7512211844970285,10.28073533804282,9.0,-3.7487788155029715,0
6,33,42.66642640980656,13.589248161308893,9.5,-10.0,1
6,34,30.492307955129306,15.667042540512869,9.5,-10.5,1
6,35,5.8776822644606,14.32231093506869,10.0,-4.1223177355394,0
6,36,8.077546111033376,12.365429567086442,10.0,-2.422453888966624,0
6,37,6.714908308524999,12.513107902506833,10.5,-3.7850916914750012,0
6,38,9.810121761016086,12.845133286318935,10.5,-1.1898782389839138,0
6,39,8.80788102962009,13.106750158727626,11.0,-2.1921189703799104,0
6,40,10.335201545009692,13.484046026661431,11.0,-1.1647984549903079,0
6,41,7.327267599475268,13.692316562834774,11.5,-4.172732400524732,0
6,42,16.970455572634773,14.753659490040436,11.5,-10.5,1
6,43,76.011629880266,20.97724288196843,12.0,-10.0,1
7,0,98.53936996283814,98.53936996283814,1.0,-10.5,1
7,1,99.13022843628193,99.13022843628193,1.5,-10.0,1
7,2,34.81707682082092,34.81707682082092,1.5,-10.5,1
7,3,7.311098899805128,7.311098899805128,2.0,-10.0,1
7,4,8.73464909610698,8.73464909610698,2.0,-10.5,1
7,5,8.42498530303195,8.42498530303195,2.5,-10.0,1
7,6,43.97760979361926,43.97760979361926,2.5,-10.5,1
7,7,58.88901760337205,58.88901760337205,3.0,-10.0,1
7,8,49.158961515568414,49.158961515568414,3.0,-10.5,1
7,9,8.57539838927625,8.57539838927625,3.5,-10.0,1
7,10,26.879133252241044,26.879133252241044,3.5,-10.5,1
7,11,5.478547030867287,41.24230697618436,4.0,-10.0,1
7,12,8.044850007389002,32.94697598026819,4.0,-10.5,1
7,13,39.30153555719795,27.462679133018824,4.5,-10.0,1
7,14,7.057600191668138,24.918060442013154,4.5,-10.5,1
7,15,9.455687442663615,25.114647725108508,5.0,-10.0,1
7,16,32.555011227649935,27.29818092049995,5.0,-10.5,1
7,17,68.86439005225644,32.83845968917886,5.5,-10.0,1
7,18,55.2080591673428,33.86791754843686,5.5,-10.5,1
7,19,7.186878300191847,29.128554778978664,6.0,-10.0,1
7,20,6.244495762123481,25.194728751579554,6.0,-10.5,1
7,21,5.894016929283648,24.94893545108023,6.5,-0.605983070716352,0
7,22,6.308112928213664,23.063258588044384,6.5,-0.6918870717863363,0
7,23,24.58346356107167,24.814542603313118,7.0,-10.0,1
7,24,24.5341493295306,26.32606170784276,7.0,-10.5,1
7,25,29.372636408717263,25.41591261923204,7.5,-10.0,1
7,26,7.558954887074804,25.461870132977644,7.5,-10.5,1
7,27,30.835611383378165,27.42169649420981,8.0,-10.0,1
7,28,5.732041516563647,24.96292427069357,8.0,-2.7679584834363533,0
7,29,6.215956766410506,19.22015121949103,8.5,-2.284043233589494,0
7,30,7.6150865833604975,14.857462065959316,8.5,-1.3849134166395025,0
7,31,5.988789820966843,14.747637288697023,9.0,-3.0112101790331574,0
7,32,6.60261800342093,14.780465160815956,9.0,-2.89738199657907,0
7,33,6.034476586171988,14.793340629364055,9.5,-3.465523413828012,0
7,34,5.626733808846999,14.730880876755444,9.5,-4.373266191153001,0
7,35,12.557282337722135,13.628480931281736,10.0,-10.0,1
7,36,114.86236725643283,21.908567574581106,10.0,-10.5,1
7,37,49.97936978034468,23.797518133646957,10.5,-10.0,1
7,38,60.99284718299934,28.69562492744004,10.5,-10.5,1
7,39,42.76667172729585,29.78930545896582,11.0,-10.0,1
7,40,5.972712482222767,29.811366964151247,11.0,-5.527287517777233,0
7,41,9.748175512459158,30.135153682539038,11.5,-1.7518244875408424,0
7,42,5.145173465741646,29.908744980090646,11.5,-6.854826534258354,0
7,43,5.197894524908582,29.836246244618636,12.0,-6.802105475091418,0
8,0,307.8661314606251,307.8661314606251,1.0,-10.5,1
8,1,141.6187513091783,141.6187513091783,1.5,-10.0,1
8,2,87.51832024393072,87.51832024393072,1.5,-10.5,1
8,3,38.016433611723535,38.016433611723535,2.0,-10.0,1
8,4,7.261992656448977,7.261992656448977,2.0,-10.5,1
8,5,8.100910065947986,8.100910065947986,2.5,-10.0,1
8,6,5.059327803617233,5.059327803617233,2.5,-10.5,1
8,7,45.37835731261954,45.37835731261954,3.0,-10.0,1
8,8,38.479722421644425,38.479722421644425,3.0,-10.5,1
8,9,35.25650892325052,35.25650892325052,3.5,-10.0,1
8,10,16.30202416329766,16.30202416329766,3.5,-10.5,1
8,11,6.821748502131097,67.62068761015473,4.0,-10.0,1
8,12,5.810840765099446,39.932285963064864,4.0,-10.5,1
8,13,12.65128763100273,28.110268459232103,4.5,-10.0,1
8,14,9.656454612074125,20.972930776311916,4.5,-10.5,1
8,15,5.523090672522832,17.99437434021852,5.0,-10.0,1
8,16,7.218295013499252,17.99036872294813,5.0,-10.5,1
8,17,6.655854463848736,17.8579052927557,5.5,-10.0,1
8,18,6.187983050142883,17.961365357020547,5.5,-10.5,1
8,19,54.74640682456769,18.82010322894913,6.0,-10.0,1
8,20,64.39904616183968,21.19604123846703,6.0,-10.5,1
8,21,95.79448633763572,26.745355834785673,6.5,-10.0,1
8,22,42.76758579135332,29.17136565069077,6.5,-10.5,1
8,23,5.980495758564155,29.094250815863802,7.0,-1.019504241435845,0
8,24,6.954369391550601,29.19907427328849,7.0,-0.5456306084493994,0
8,25,5.506336618658698,28.54412043049029,7.5,-1.9936633813413023,0
8,26,7.632753550682711,28.35861449986274,7.5,-10.5,1
8,27,6.62557508827722,28.459675571306892,8.0,-1.3744249117227803,0
8,28,6.667490809755025,28.409185185963672,8.0,-1.8325091902449753,0
8,29,5.628422114094447,28.3150038872362,8.5,-2.8715778859055527,0
8,30,6.583569836333809,28.3512660093037,8.5,-2.416430163666191,0
8,31,5.876947898496359,23.871565607747158,9.0,-3.1230521015036414,0
8,32,5.490887390486919,18.47165105370649,9.0,-4.009112609513081,0
8,33,7.043186608303006,10.336115245184324,9.5,-2.4568133916969943,0
8,34,6.25885859981393,6.989481919293215,9.5,-3.24114140018607,0
8,35,5.940960169748559,6.985857823651786,9.5,-3.559039830251441,0
8,36,6.551629603292155,6.948940009728094,9.5,-2.948370396707845,0
8,37,17.44364018945502,8.043192837051091,9.5,-10.5,1
8,38,22.444907650340536,9.400973629519724,10.0,-10.0,1
8,39,9.903934012951163,9.701489864281504,10.0,-0.5960659870488367,0
8,40,9.435793958752711,9.955250986272958,10.5,-1.0642060412472887,0
8,41,22.568961521328504,11.508133765269411,10.5,-10.5,1
8,42,24.47695035847072,13.148360313131963,11.0,-10.0,1
8,43,22.491309071460567,14.671343420653683,11.0,-10.5,1
9,0,18.947000199094557,18.947000199094557,1.0,-10.5,1
9,1,28.399167129065574,28.399167129065574,1.5,-10.0,1
9,2,94.00484708770172,94.00484708770172,1.5,-10.5,1
9,3,38.34013310100779,38.34013310100779,2.0,-10.0,1
9,4,11.275850592779951,11.275850592779951,2.0,-10.5,1
9,5,53.645464657978415,53.645464657978415,2.5,-10.0,1
9,6,64.5184315997073,64.5184315997073,2.5,-10.5,1
9,7,14.89037491205308,14.89037491205308,3.0,-10.0,1
9,8,32.7499261016204,32.7499261016204,3.0,-10.5,1
9,9,7.923334210645907,7.923334210645907,3.5,-10.0,1
9,10,19.05412359592236,19.05412359592236,3.5,-10.5,1
9,11,45.61935669669991,39.35873423939206,4.0,-10.0,1
9,12,4.869118516917879,38.0682617518592,4.0,-10.5,1
9,13,3.317152393086657,35.76907706772779,4.5,-1.182847606913343,0
9,14,19.437647443149604,28.93375043364385,4.5,-10.5,1
9,15,3.011730209807685,25.6953135019505,5.0,-1.988269790192315,0
9,16,72.31923028914605,31.290956640784067,5.0,-10.5,1
9,17,114.2125926459586,36.84294337301558,5.5,-10.0,1
9,18,50.4324183440338,35.55172549124552,5.5,-10.5,1
9,19,5.787170784661724,34.71726511290131,6.0,-0.21282921533827626,0
9,20,4.769283226236498,32.15237284932445,6.0,-1.7307167737635023,0
9,21,3.728080376248339,31.76780791450467,6.5,-2.771919623751661,0
9,22,2.772337282077356,30.275310835735542,6.5,-4.2276627179226445,0
9,23,3.7012082489754055,26.43281389469413,7.0,-3.2987917510245945,0
9,24,3.2367214994992457,26.283177501430757,7.0,-4.263278500500754,0
9,25,3.119247843348947,26.265036251038126,7.5,-4.380752156651053,0
9,26,19.45289913330729,26.266434322635927,7.5,-10.5,1
9,27,3.0094549666985,26.266225758684246,8.0,-4.990545033301499,0
9,28,3.162456045901166,19.926854786386798,8.0,-5.337543954098834,0
9,29,45.66984295862904,13.64376939838159,8.5,-10.0,1
9,30,48.9607316732184,13.508864786890175,8.5,-10.5,1
9,31,12.251629283965851,14.101440149326386,9.0,-10.0,1
9,32,5.434403543487815,14.16240951174109,9.0,-4.065596456512185,0
9,33,4.835655711624781,14.263937250817264,9.5,-4.664344288375219,0
9,34,4.649831749037013,14.436040910288567,9.5,-5.350168250962987,0
9,35,10.852105882232472,15.091539860003797,10.0,-10.0,1
9,36,4.119725597470312,15.172481902317816,10.0,-6.380274402529688,0
9,37,4.279444054538051,15.278833221676818,10.5,-6.220555945461949,0
9,38,3.638202256216089,13.829152674610123,10.5,-7.361797743783911,0
9,39,4.244316457645206,13.942348311280234,11.0,-6.755683542354794,0
9,40,5.005603717076634,14.111303514471324,11.0,-6.494396282923366,0
9,41,25.25882380956004,12.240293425806664,11.5,-10.0,1
9,42,37.490149049347465,11.188823351951825,11.5,-10.5,1
9,43,12.041828647580608,11.169591626949844,12.0,-10.0,1
9,44,0.8616606072520864,10.75042352446157,12.0,-11.638339392747914,0
10,0,114.00822356052454,114.00822356052454,1.0,-10.5,1
10,1,141.77642776593177,141.77642776593177,1.5,-10.0,1
10,2,124.92791085616692,124.92791085616692,1.5,-10.5,1
10,3,72.09232476404837,72.09232476404837,2.0,-10.0,1
10,4,16.633223067459415,16.633223067459415,2.0,-10.5,1
10,5,87.03407165742388,87.03407165742388,2.5,-10.0,1
10,6,11.720153084028183,11.720153084028183,2.5,-10.5,1
10,7,12.550638277269323,12.550638277269323,3.0,-10.0,1
10,8,64.19434071684192,64.19434071684192,3.0,-10.5,1
10,9,69.81823454367029,69.81823454367029,3.5,-10.0,1
10,10,59.175049753274905,59.175049753274905,3.5,-10.5,1
10,11,8.775573349344997,71.74806571129858,4.0,-10.0,1
10,12,6.476242418087234,61.89096743990851,4.0,-10.5,1
10,13,24.190951746708848,51.11229880481307,4.5,-10.0,1
10,14,6.1740330586570575,40.22652667337466,4.5,-10.5,1
10,15,6.5091289981720575,34.21473372816933,5.0,-10.0,1
10,16,6.72423747985771,33.30641004930584,5.0,-10.5,1
10,17,5.255607232707148,25.810050810373472,5.5,-0.24439276729285186,0
10,18,5.977685158502317,25.283657917200266,5.5,-10.5,1
10,19,5.635296296034278,24.649751568920383,6.0,-0.3647037039657217,0
10,20,5.518831862934843,19.27116325731224,6.0,-0.9811681370651568,0
10,21,6.797736332998963,13.494284254667368,6.5,-10.0,1
10,22,6.304487144186143,8.647816015500897,6.5,-0.695512855813857,0
10,23,5.45737826602946,8.34364813286364,7.0,-1.54262173397054,0
10,24,28.91139952879283,10.400204201344986,7.0,-10.5,1
10,25,4.812470863604968,8.62384345372713,7.5,-2.6875291363950318,0
10,26,8.241609898050337,8.813371330671515,7.5,-10.5,1
10,27,7.052153665742544,8.863148591865478,8.0,-0.9478463342574557,0
10,28,8.626943001138457,9.037563264649545,8.0,-10.5,1
10,29,5.025552788697529,9.01647494061533,8.5,-3.474447211302471,0
10,30,5.28936099774969,8.953378559213006,8.5,-3.7106390022503097,0
10,31,5.7796758668312975,8.966613353202733,9.0,-3.2203241331687025,0
10,32,4.827454782110961,8.903237120793877,9.0,-4.672545217889039,0
10,33,54.779908889304274,13.301602938455197,9.5,-10.0,1
10,34,6.125451100204495,13.285191301090213,9.5,-3.8745488997955047,0
10,35,5.808465300549092,13.31737427925451,10.0,-4.191534699450908,0
10,36,26.08169497435558,13.057984695097764,10.0,-10.5,1
10,37,73.07971514191885,19.31581542060987,10.5,-10.0,1
10,38,5.154378741122493,19.032819231224817,10.5,-5.845621258877507,0
10,39,7.298706589200809,19.05541991587516,11.0,-3.701293410799191,0
10,40,29.50129622657582,20.968902294873583,11.0,-10.5,1
10,41,65.56389534581001,26.518250362608896,11.5,-10.0,1
10,42,37.58343669301433,29.47854063467482,11.5,-10.5,1
10,43,45.230796517917966,33.09489336102443,12.0,-10.0,1
11,0,125.49138880288488,125.49138880288488,1.0,-10.5,1
11,1,152.58165104378247,152.58165104378247,1.5,-10.0,1
11,2,134.0887006434489,134.0887006434489,1.5,-10.5,1
11,3,21.719365807259027,21.719365807259027,2.0,-10.0,1
11,4,6.4230629444972696,6.4230629444972696,2.0,-10.5,1
11,5,22.884714106690883,22.884714106690883,2.5,-10.0,1
11,6,5.747729576621491,5.747729576621491,2.5,-10.5,1
11,7,5.242918299273823,5.242918299273823,3.0,-10.0,1
11,8,8.944805503504899,8.944805503504899,3.0,-10.5,1
11,9,5.208371082941175,5.208371082941175,3.5,-10.0,1
11,10,4.297670090730527,4.297670090730527,3.5,-10.5,1
11,11,5.209713584415881,45.63534171955471,4.0,-10.0,1
11,12,4.568714297688163,34.550763223245006,4.0,-10.5,1
11,13,11.22950947217706,21.59348357918117,4.5,-10.0,1
11,14,5.591236069450631,9.81454932656466,4.5,-10.5,1
11,15,50.65326111765887,12.466823063351312,5.0,-10.0,1
11,16,6.950151286471328,12.515139494698936,5.0,-10.5,1
11,17,42.2732966214824,14.292426225221488,5.5,-10.0,1
11,18,23.81218099272501,15.948334271697647,5.5,-10.5,1
11,19,23.31431848348604,17.604879288583767,6.0,-10.0,1
11,20,36.696319705162026,20.148768090402335,6.0,-10.5,1
11,21,8.132256358575525,20.41679090733549,6.5,-10.0,1
11,22,4.307395387485216,20.41768239287133,6.5,-2.692604612514784,0
11,23,4.324340503409538,20.336523193779087,7.0,-2.6756594965904617,0
11,24,4.513780476662764,20.33148759351842,7.0,-2.986219523337236,0
11,25,8.338258468641367,20.066456251527647,7.5,-10.0,1
11,26,6.007602682328599,20.104623191041465,7.5,-1.9923973176714007,0
11,27,5.375102780622458,15.954125343479793,8.0,-2.6248972193775417,0
11,28,4.014097848743855,15.684987111688109,8.0,-4.485902151256145,0
11,29,14.677257242192624,13.155350168586542,8.5,-10.0,1
11,30,4.5795463894552615,11.392358663286817,8.5,-4.4204536105447385,0
11,31,16.8656385215887,10.801229666779564,9.0,-10.0,1
11,32,96.52289166041768,16.28533209601133,9.0,-10.5,1
11,33,74.90593184050107,22.40625234852117,9.5,-10.0,1
11,34,46.17518381856512,26.2441329547035,9.5,-10.5,1
11,35,4.111916056068419,26.22466071369723,10.0,-5.888083943931581,0
11,36,4.908839443486725,26.260874452322756,10.0,-5.591160556513275,0
11,37,56.02479968461381,30.632140730453564,10.5,-10.0,1
11,38,21.443576830450148,32.04710502736471,10.5,-10.5,1
11,39,5.012536924807646,32.013869823915016,11.0,-5.987463075192354,0
11,40,3.631445748227869,31.97879338136771,11.0,-7.868554251772132,0
11,41,75.87496893338317,37.58858361972685,11.5,-10.0,1
11,42,74.5634171081561,44.00377176894109,11.5,-10.5,1
11,43,86.87067889227464,50.42090046958731,12.0,-10.0,1
12,0,180.5113920214398,180.5113920214398,1.0,-10.5,1
12,1,69.9256531122416,69.9256531122416,1.5,-10.0,1
12,2,25.590809794916314,25.590809794916314,1.5,-10.5,1
12,3,7.008434618893934,7.008434618893934,2.0,-10.0,1
12,4,22.716846459211897,22.716846459211897,2.0,-10.5,1
12,5,9.087107131271711,9.087107131271711,2.5,-10.0,1
12,6,17.280039912150812,17.280039912150812,2.5,-10.5,1
12,7,4.740822893878511,4.740822893878511,3.0,-10.0,1
12,8,4.530732857615842,4.530732857615842,3.0,-10.5,1
12,9,4.530638291466887,4.530638291466887,3.5,-10.0,1
12,10,5.411898118272248,5.411898118272248,3.5,-10.5,1
12,11,4.36672185501476,32.60593389775098,4.0,-10.0,1
12,12,5.491854325827058,16.56247627565315,4.0,-10.5,1
12,13,6.524336172018499,10.750688889466028,4.5,-10.0,1
12,14,6.732405599106877,9.022001838183497,4.5,-10.5,1
12,15,88.89804781896176,16.528549714856382,5.0,-10.0,1
12,16,208.6102736327564,33.56878053909796,5.0,-10.5,1
12,17,107.16613003836189,42.55935763891456,5.5,-10.0,1
12,18,40.593897198195165,44.696461223468624,5.5,-10.5,1
12,19,5.452042844105286,44.76165638557274,6.0,-0.5479571558947143,0
12,20,14.04263475136936,45.63358072583348,6.0,-10.5,1
12,21,3.270023092524015,45.51802433259706,6.5,-3.229976907475985,0
12,22,4.190439536368618,45.40605729592255,6.5,-2.8095604636313816,0
12,23,4.580265708200095,45.42563214913121,7.0,-2.419734291799905,0
12,24,11.871055650647024,46.01039227057305,7.0,-10.5,1
12,25,9.438311165432198,46.27750664496929,7.5,-10.0,1
12,26,3.993064180713163,46.026400348283204,7.5,-4.006935819286837,0
12,27,3.698487954344518,38.21644069402662,8.0,-4.301512045655482,0
12,28,3.646291314813512,19.4280756482152,8.0,-4.853708685186488,0
12,29,3.5900985357368835,9.933606093807901,8.5,-4.9099014642631165,0
12,30,6.862551775976903,6.841566096771227,8.5,-2.137448224023097,0
12,31,4.782325242874803,6.7801753166584335,9.0,-4.217674757125197,0
12,32,5.459994563509575,5.993433299437955,9.0,-3.540005436490425,0
12,33,6.27458663477168,6.2688516241439896,9.0,-2.72541336522832,0
12,34,6.647834385381726,6.494112818636856,9.0,-2.352165614618274,0
12,35,58.59026462548192,11.445029386054358,9.0,-10.5,1
12,36,7.979218553476383,11.08827765214705,9.5,-1.5207814465236167,0
12,37,6.64014247253022,10.831778855297703,9.5,-3.3598575274697797,0
12,38,4.365344698420092,10.865904569420838,10.0,-5.634655301579908,0
12,39,4.017091175375317,10.895109864681993,10.0,-6.482908824624683,0
12,40,4.321344728215313,10.956989760910492,10.5,-6.178655271784687,0
12,41,12.773324070976148,11.798785434974093,10.5,-10.5,1
12,42,20.26184363407147,13.027053855299426,11.0,-10.0,1
12,43,20.28269551109804,14.447921129886558,11.0,-10.5,1
13,0,150.31804532824054,150.31804532824054,1.0,-10.5,1
13,1,53.170692823479854,53.170692823479854,1.5,-10.0,1
13,2,11.10856270380206,11.10856270380206,1.5,-10.5,1
13,3,7.828349568502311,7.828349568502311,2.0,-10.0,1
13,4,6.055514094385596,6.055514094385596,2.0,-10.5,1
13,5,7.388203673189754,7.388203673189754,2.5,-10.0,1
13,6,5.128269387290665,5.128269387290665,2.5,-10.5,1
13,7,5.235652970659055,5.235652970659055,3.0,-10.0,1
13,8,7.160951964377292,7.160951964377292,3.0,-10.5,1
13,9,5.89962665783986,5.89962665783986,3.5,-10.0,1
13,10,5.926796379801489,5.926796379801489,3.5,-10.5,1
13,11,7.685452433637766,25.016394148643904,4.0,-10.0,1
13,12,8.593259070693112,12.024955408368728,4.0,-10.5,1
13,13,12.155376411340775,8.26521807058931,4.5,-10.0,1
13,14,43.09516928372727,11.197323673749121,4.5,-10.5,1
13,15,82.25217406222585,18.01950758567378,5.0,-10.0,1
13,16,129.69903019289,29.353496561370015,5.0,-10.5,1
13,17,124.59032830822368,40.09702465291479,5.5,-10.0,1
13,18,73.48541570390896,46.36309639860481,5.5,-10.5,1
13,19,6.333764437076692,46.46375661635975,6.0,-10.0,1
13,20,53.50786115338901,50.71222329201916,6.0,-10.5,1
13,21,86.60063162843275,58.10981541432351,6.5,-10.0,1
13,22,41.80290024276815,61.39845826842879,6.5,-10.5,1
13,23,8.547006765527922,61.4774340821854,7.0,-10.0,1
13,24,6.92586233659579,61.3245893815598,7.0,-0.5741376634042101,0
13,25,9.53231780865088,61.08414234297988,7.5,-10.0,1
13,26,9.89950754614282,58.04120668370131,7.5,-10.5,1
13,27,8.322023197882668,51.26427618780318,8.0,-10.0,1
13,28,6.547102882614174,39.975349517694575,8.0,-1.9528971173858256,0
13,29,6.140387095619391,29.11743823987252,8.5,-2.359612904380609,0
13,30,6.0764899158052375,22.93828670929634,8.5,-2.9235100841947625,0
13,31,6.868677945897027,22.987320447604866,9.0,-2.1313220541029727,0
13,32,6.5291280481364415,18.680936579623385,9.0,-2.9708719518635585,0
13,33,7.581099221445828,11.437479442316247,9.5,-1.918900778554172,0
13,34,20.57116508118009,9.49123705250401,9.5,-10.5,1
13,35,6.867686479993011,9.337299359663309,10.0,-3.1323135200069894,0
13,36,26.94819982409625,11.172680296017518,10.0,-10.5,1
13,37,104.44054390061088,19.872601021113848,10.5,-10.0,1
13,38,6.039462619442319,19.51876356949964,10.5,-4.960537380557681,0
13,39,7.287970988112834,19.42397545027074,11.0,-3.712029011887166,0
13,40,7.598725969444308,19.520374233230168,11.0,-3.901274030555692,0
13,41,71.27585195824574,25.491125178970915,11.5,-10.0,1
13,42,95.30128087696708,33.670064350410755,11.5,-10.5,1
13,43,98.2338639874664,42.04520640422128,12.0,-10.0,1
13,44,0.8463953535140966,41.52428924054756,12.0,-11.653604646485903,0
14,0,145.38673879145506,145.38673879145506,1.0,-10.5,1
14,1,59.35162005397877,59.35162005397877,1.5,-10.0,1
14,2,100.44874568947196,100.44874568947196,1.5,-10.5,1
14,3,38.910183333407495,38.910183333407495,2.0,-10.0,1
14,4,9.681890624932668,9.681890624932668,2.0,-10.5,1
14,5,53.15939230003989,53.15939230003989,2.5,-10.0,1
14,6,13.431244535671937,13.431244535671937,2.5,-10.5,1
14,7,8.39267303300621,8.39267303300621,3.0,-10.0,1
14,8,100.68189842309756,100.68189842309756,3.0,-10.5,1
14,9,47.68657424197343,47.68657424197343,3.5,-10.0,1
14,10,29.100751372965604,29.100751372965604,3.5,-10.5,1
14,11,13.958500539132816,56.85076951942057,4.0,-10.0,1
14,12,4.302585920794279,43.91805550627666,4.0,-10.5,1
14,13,4.821244765042113,38.91943777145748,4.5,-10.0,1
14,14,6.019436643723744,30.263417775597215,4.5,-10.5,1
14,15,4.479968373641458,27.107314737618662,5.0,-0.5200316263585423,0
14,16,6.5187163768743,26.817357098213307,5.0,-10.5,1
14,17,6.574953695414884,22.54711689278935,5.5,-10.0,1
14,18,53.88839696370289,26.255689198692185,5.5,-10.5,1
14,19,5.050554775146891,25.94932835838842,6.0,-0.9494452248531093,0
14,20,5.307680610196837,17.20669172553918,6.0,-1.1923193898031634,0
14,21,5.606249834744867,13.34932865487656,6.5,-0.893750165255133,0
14,22,4.8317403634332825,11.124669312336101,6.5,-2.1682596365667175,0
14,23,8.780290403312673,10.650000049885922,7.0,-10.0,1
14,24,5.00428644121255,10.714322597590929,7.0,-2.4957135587874504,0
14,25,4.417495163159293,10.677312217418335,7.5,-3.082504836840707,0
14,26,9.058910111038273,10.955930618588836,7.5,-10.5,1
14,27,8.020025983025741,11.280435899449062,8.0,-10.0,1
14,28,9.146268509665571,11.521294844954928,8.0,-10.5,1
14,29,8.076524977067328,11.658938879106401,8.5,-0.4234750229326725,0
14,30,4.833194778325479,7.162212012113471,8.5,-4.166805221674521,0
14,31,6.958957121962725,7.3371488939049225,9.0,-2.041042878037275,0
14,32,4.474102580678664,7.260737574532426,9.0,-5.025897419321336,0
14,33,17.47167813384719,8.34840183528347,9.5,-10.0,1
14,34,34.7820048072322,11.093842742631704,9.5,-10.5,1
14,35,7.150643487741579,10.944458442037687,10.0,-2.849356512258421,0
14,36,4.863373519357769,10.931541424200999,10.0,-5.636626480642231,0
14,37,5.00524598284356,10.985418582672056,10.5,-5.49475401715644,0
14,38,8.082227846130378,10.895889375055502,10.5,-2.917772153869622,0
14,39,17.113128689347253,11.72942378980164,11.0,-10.0,1
14,40,37.42647351904511,14.32177591566143,11.0,-10.5,1
14,41,74.62045131664436,20.42163583012266,11.5,-10.0,1
14,42,77.77511152861716,27.107978198899396,11.5,-10.5,1
14,43,26.15944091281508,28.868022546394194,12.0,-10.0,1
14,44,0.2679213443453237,28.48245593306364,12.0,-12.232078655654677,0
15,0,45.4951770683824,45.4951770683824,1.0,-10.5,1
15,1,52.431989148936665,52.431989148936665,1.5,-10.0,1
15,2,139.78605300584968,139.78605300584968,1.5,-10.5,1
15,3,59.6266970391784,59.6266970391784,2.0,-10.0,1
15,4,14.376671822453382,14.376671822453382,2.0,-10.5,1
15,5,7.2353798950885135,7.2353798950885135,2.5,-10.0,1
15,6,6.279435123148131,6.279435123148131,2.5,-10.5,1
15,7,5.99995829154894,5.99995829154894,3.0,-10.0,1
15,8,166.05255613706652,166.05255613706652,3.0,-10.5,1
15,9,60.340521440856094,60.340521440856094,3.5,-10.0,1
15,10,9.244760843726104,9.244760843726104,3.5,-10.5,1
15,11,6.291357853183171,52.539717786363326,4.0,-10.0,1
15,12,7.235919649191491,49.032619189604155,4.0,-10.5,1
15,13,7.036256768369728,44.87134372138552,4.5,-10.0,1
15,14,6.480636680742928,32.65168055825073,4.5,-10.5,1
15,15,6.941746786717454,27.822226785108477,5.0,-10.0,1
15,16,7.255702272468967,27.169471243026575,5.0,-10.5,1
15,17,6.131761765715741,27.068306247834062,5.5,-10.0,1
15,18,6.411254514085524,27.080389692003326,5.5,-10.5,1
15,19,6.570652051058119,27.132703286625,6.0,-10.0,1
15,20,8.385439500621636,12.679884261617554,6.0,-10.5,1
15,21,6.353420784527699,7.731066701454117,6.5,-0.14657921547230135,0
15,22,49.20413429199794,11.394009267545705,6.5,-10.5,1
15,23,63.69866417714957,16.656345680575956,7.0,-10.0,1
15,24,26.736584274558624,18.443906604567946,7.0,-10.5,1
15,25,7.133748571442686,18.452843353182967,7.5,-0.3662514285573142,0
15,26,10.917784989461914,18.859581948148872,7.5,-10.5,1
15,27,6.609513967950537,18.829127273095242,8.0,-1.3904860320494628,0
15,28,7.46480109513732,18.84829466517317,8.0,-1.0351989048626802,0
15,29,23.974867197113426,20.483912663051292,8.5,-10.0,1
15,30,6.67463260554281,20.508055654768214,8.5,-2.3253673944571904,0
15,31,6.534454746740137,20.504737568539063,9.0,-2.4655452532598634,0
15,32,29.67213877737411,22.4560183355747,9.0,-10.5,1
15,33,6.677065236735742,22.485685743693768,9.5,-2.822934763264258,0
15,34,6.07782854958903,18.532441050639623,9.5,-3.9221714504109704,0
15,35,6.862252225053783,13.322436621697515,10.0,-3.1377477749462166,0
15,36,6.674579479754206,11.483419515507105,10.0,-3.8254205202457943,0
15,37,6.522371422208982,11.427376610160682,10.5,-3.977628577791018,0
15,38,6.522367245758155,11.02446331698784,10.5,-4.477632754241845,0
15,39,6.63581646145051,11.026874378892003,11.0,-4.36418353854949,0
15,40,6.742119129205535,10.960628532014924,11.0,-4.757880870794465,0
15,41,7.336783558635341,9.435470865154432,11.5,-4.163216441364659,0
15,42,6.601302511863616,9.428748939900508,11.5,-5.398697488136384,0
15,43,40.65558041253322,12.556518792598206,12.0,-10.0,1
15,44,0.837717630042015,9.91336352075943,12.0,-11.662282369957985,0
16,0,6.279594345437363,6.279594345437363,1.0,-10.5,1
16,1,4.240444438054047,4.240444438054047,1.5,-10.0,1
16,2,4.997509301757707,4.997509301757707,1.5,-10.5,1
16,3,8.183370725594868,8.183370725594868,2.0,-10.0,1
16,4,12.89193188136265,12.89193188136265,2.0,-10.5,1
16,5,154.93155370655305,154.93155370655305,2.5,-10.0,1
16,6,275.84601440448967,275.84601440448967,2.5,-10.5,1
16,7,103.3722044431054,103.3722044431054,3.0,-10.0,1
16,8,4.297297716168644,4.297297716168644,3.0,-10.5,1
16,9,6.082044025378503,6.082044025378503,3.5,-10.0,1
16,10,46.47772125319093,46.47772125319093,3.5,-10.5,1
16,11,14.069277403601545,58.819655000763646,4.0,-10.0,1
16,12,5.063886450271178,58.70821511037342,4.0,-10.5,1
16,13,4.880537918663702,58.76689034609596,4.5,-10.0,1
16,14,4.545077236128901,58.725417406746665,4.5,-10.5,1
16,15,5.024060321999375,58.435813953083745,5.0,-10.0,1
16,16,48.81082537721064,61.72837919020315,5.0,-10.5,1
16,17,96.736376275156,56.39382125899175,5.5,-10.0,1
16,18,55.05379728387936,36.15453468960247,5.5,-10.5,1
16,19,53.2068448901878,31.55604339725169,6.0,-10.0,1
16,20,44.88394724282512,35.27648627052854,6.0,-10.5,1
16,21,11.861509186782728,35.806270576990585,6.5,-10.0,1
16,22,9.798515154139396,32.44401001791086,6.5,-10.5,1
16,23,4.99144121064973,31.611875033556945,7.0,-2.0085587893502703,0
16,24,6.608523413942566,31.753466755226825,7.0,-0.8914765860574336,0
16,25,5.605406101177336,31.819913005290573,7.5,-1.8945938988226638,0
16,26,3.621140783651217,31.73521883048012,7.5,-4.378859216348783,0
16,27,4.356217045309593,31.673999863450227,8.0,-3.6437829546904066,0
16,28,21.50204501101073,29.17069499654857,8.0,-10.5,1
16,29,11.529166916885808,21.360034138707128,8.5,-10.0,1
16,30,4.3760462815434815,16.714573630159673,8.5,-4.6239537184565185,0
16,31,4.606995971823013,12.259587479309568,9.0,-4.393004028176987,0
16,32,6.4983627094961935,8.740908897087749,9.0,-3.0016372905038065,0
16,33,20.642897423940944,9.545869485493919,9.5,-10.0,1
16,34,4.234115276734963,9.035799496731846,9.5,-5.765884723265037,0
16,35,3.896754386678485,8.935453204534483,10.0,-6.103245613321516,0
16,36,47.2544150553864,12.661326605000166,10.0,-10.5,1
16,37,31.811355793345,15.063538660115537,10.5,-10.0,1
16,38,5.26215757738583,15.213965199541208,10.5,-5.73784242261417,0
16,39,8.651508920805993,15.607700288128378,11.0,-2.348491079194007,0
16,40,5.5094139750149145,14.141709109828762,11.0,-5.9905860249850855,0
16,41,5.429637507715137,13.582585580654786,11.5,-6.070362492284863,0
16,42,3.85668071825287,13.534977070686478,11.5,-8.14331928174713,0
16,43,3.753570527014922,13.456746404912403,12.0,-8.246429472985078,0
17,0,122.1588328523034,122.1588328523034,1.0,-10.5,1
17,1,110.52504021653756,110.52504021653756,1.5,-10.0,1
17,2,177.5464464896284,177.5464464896284,1.5,-10.5,1
17,3,50.03856163194364,50.03856163194364,2.0,-10.0,1
17,4,7.850918581796465,7.850918581796465,2.0,-10.5,1
17,5,7.222944243685424,7.222944243685424,2.5,-10.0,1
17,6,3.995030177637679,3.995030177637679,2.5,-10.5,1
17,7,16.04104425280501,16.04104425280501,3.0,-10.0,1
17,8,10.150516596027863,10.150516596027863,3.0,-10.5,1
17,9,5.67916906426729,5.67916906426729,3.5,-10.0,1
17,10,5.266015379496492,5.266015379496492,3.5,-10.5,1
17,11,4.468396769194268,47.753100656737985,4.0,-10.0,1
17,12,6.382234369918138,37.14024579585267,4.0,-10.5,1
17,13,5.803106725383576,27.54073522583023,4.5,-10.0,1
17,14,4.373968721935261,11.666591430458352,4.5,-0.6260312780647386,0
17,15,5.568671092449203,7.590184797671362,5.0,-10.0,1
17,16,31.032655805020696,9.715177376466915,5.0,-10.5,1
17,17,38.61258366007267,12.59256098963575,5.5,-10.0,1
17,18,57.94261266235285,17.537756050734636,5.5,-10.5,1
17,19,5.019843679847288,16.527479331546846,6.0,-0.9801563201527124,0
17,20,34.21906373477824,18.733762819265632,6.0,-10.5,1
17,21,58.11970345939397,23.54081180548558,6.5,-10.0,1
17,22,32.95735233513581,26.07918435975252,6.5,-10.5,1
17,23,5.820524333126136,26.203129386446275,7.0,-1.1794756668738637,0
17,24,6.333236954950565,26.198637956740903,7.0,-1.1667630450494348,0
17,25,5.356070540073893,26.157659639754183,7.5,-2.143929459926107,0
17,26,5.315296636779593,26.24394803194825,7.5,-2.6847033632204074,0
17,27,5.803380547945279,26.265463065368724,8.0,-2.196619452054721,0
17,28,10.04788129352655,24.341858735148424,8.0,-10.5,1
17,29,6.62785002105839,21.409924818238782,8.5,-1.8721499789416098,0
17,30,45.91561887348649,20.307450387592702,8.5,-10.5,1
17,31,11.071541174676932,20.862189324618754,9.0,-10.0,1
17,32,30.93065843318132,20.560752171972368,9.0,-10.5,1
17,33,31.29917361636318,18.102203603027878,9.5,-10.0,1
17,34,30.04388071182132,17.835135370890722,9.5,-10.5,1
17,35,5.228389806751727,17.780856372639732,10.0,-4.771610193248273,0
17,36,6.617383710527674,17.806903158567632,10.0,-3.8826162894723257,0
17,37,5.305201884028385,17.802240198430127,10.5,-5.194798115971615,0
17,38,30.88992263052845,20.14658091452377,10.5,-10.5,1
17,39,5.502025668652429,20.118956717255262,11.0,-5.497974331347571,0
17,40,5.740224180754284,19.72408814858447,11.0,-5.759775819245716,0
17,41,12.653048033246987,20.276397966368428,11.5,-10.0,1
17,42,50.23483646090985,20.67232624521557,11.5,-10.5,1
17,43,97.84584029041297,28.626636997491374,12.0,-10.0,1
18,0,295.3511632482255,295.3511632482255,1.0,-10.5,1
18,1,221.353790856081,221.353790856081,1.5,-10.0,1
18,2,135.04409928095328,135.04409928095328,1.5,-10.5,1
18,3,47.35887075406664,47.35887075406664,2.0,-10.0,1
18,4,11.12253839287848,11.12253839287848,2.0,-10.5,1
18,5,97.0787006154006,97.0787006154006,2.5,-10.0,1
18,6,193.3440893903331,193.3440893903331,2.5,-10.5,1
18,7,56.05685673425857,56.05685673425857,3.0,-10.0,1
18,8,6.026483911677477,6.026483911677477,3.0,-10.5,1
18,9,6.624142229794981,6.624142229794981,3.5,-10.0,1
18,10,6.615018079099267,6.615018079099267,3.5,-10.5,1
18,11,9.040106069083102,99.45978712650309,4.0,-10.0,1
18,12,27.28911784946289,74.88743296494987,4.0,-10.5,1
18,13,10.035074245793428,55.516550609006835,4.5,-10.0,1
18,14,13.782678917553564,44.40092040902853,4.5,-10.5,1
18,15,9.451207990469555,40.92605132236547,5.0,-10.0,1
18,16,53.77520874300912,44.835879437794105,5.0,-10.5,1
18,17,96.52949977562004,44.78553602748089,5.5,-10.0,1
18,18,62.995278382341176,32.83689501841496,5.5,-10.5,1
18,19,7.17115781394155,28.355705950719226,6.0,-10.0,1
18,20,5.542465274604732,28.311337575654225,6.0,-0.9575347253952682,0
18,21,4.986592602196251,28.161228859791013,6.5,-1.513407397803749,0
18,22,5.203704238665093,28.03185842441788,6.5,-1.7962957613349069,0
18,23,6.617801759546866,27.80981386271039,7.0,-0.38219824045313366,0
18,24,6.624312440320859,25.91554003353904,7.0,-0.8756875596791414,0
18,25,5.680885278254165,25.516406044847937,7.5,-1.8191147217458354,0
18,26,6.876824088730007,24.88336935220578,7.5,-1.1231759112699926,0
18,27,7.444915514727533,24.699459208596096,8.0,-0.5550844852724666,0
18,28,7.9414429746632145,20.498030679831054,8.0,-0.5585570253367855,0
18,29,6.10737373863862,12.209335793107758,8.5,-2.3926262613613796,0
18,30,5.806927796661938,6.967070322753826,8.5,-3.193072203338062,0
18,31,6.114988779133391,6.870254827896415,9.0,-2.885011220866609,0
18,32,6.391777910620192,6.948108486197829,9.0,-2.608222089379808,0
18,33,6.207812934812852,7.060053683354351,9.0,-2.7921870651871483,0
18,34,6.071487006931375,7.139600437112094,9.0,-2.928512993068625,0
18,35,16.372028528297772,8.03373789091426,9.0,-10.5,1
18,36,33.386186702372456,10.48690969826899,9.5,-10.0,1
18,37,50.68667272041687,14.61244021380057,9.5,-10.5,1
18,38,44.96589352894161,18.10393824581997,10.0,-10.0,1
18,39,25.303517692923336,19.74097677882125,10.0,-10.5,1
18,40,21.07597212275472,20.944975284062973,10.5,-10.0,1
18,41,16.943481109010868,21.938285126347093,10.5,-10.5,1
18,42,18.42952273848991,23.095356329347993,11.0,-10.0,1
18,43,22.504114642757504,24.59769286684687,11.0,-10.5,1
19,0,97.0528178899548,97.0528178899548,1.0,-10.5,1
19,1,54.388253444053376,54.388253444053376,1.5,-10.0,1
19,2,7.053969288239249,7.053969288239249,1.5,-10.5,1
19,3,12.21346275509049,12.21346275509049,2.0,-10.0,1
19,4,23.99665779238044,23.99665779238044,2.0,-10.5,1
19,5,7.690375567826826,7.690375567826826,2.5,-10.0,1
19,6,94.15595972097806,94.15595972097806,2.5,-10.5,1
19,7,22.994782962571687,22.994782962571687,3.0,-10.0,1
19,8,6.766350995003895,6.766350995003895,3.0,-10.5,1
19,9,41.28347125152494,41.28347125152494,3.5,-10.0,1
19,10,107.65211073989258,107.65211073989258,3.5,-10.5,1
19,11,76.32795181855428,50.561148387389814,4.0,-10.0,1
19,12,56.63178595085722,46.85588712630586,4.0,-10.5,1
19,13,56.10228488264406,47.01300667484335,4.5,-10.0,1
19,14,98.98236565687738,55.4397763419685,4.5,-10.5,1
19,15,34.03701976478489,57.44026906785716,5.0,-10.0,1
19,16,6.760510736033054,55.86028892102532,5.0,-10.5,1
19,17,7.555385875794136,55.84791486592233,5.5,-10.0,1
19,18,12.617243784594816,48.373532571753856,5.5,-10.5,1
19,19,84.66511247217734,54.02664611013437,6.0,-10.0,1
19,20,60.57369016033272,58.95898553362285,6.0,-10.5,1
19,21,7.486641042151445,55.86094276443027,6.5,-10.0,1
19,22,6.503343173729242,46.58897240419864,6.5,-10.5,1
19,23,6.303571363311732,40.17007086246808,7.0,-0.6964286366882684,0
19,24,6.752601630605124,35.5978122997783,7.0,-0.747398369394876,0
19,25,8.7174414484477,31.25420165164363,7.5,-10.0,1
19,26,7.021505168622939,22.82445610688697,7.5,-0.978494831377061,0
19,27,8.162917469568137,20.452663396492103,8.0,-10.0,1
19,28,6.1720967081824245,20.398725443939128,8.0,-2.3279032918175755,0
19,29,6.351521214994749,20.288371183365854,8.5,-2.148478785005251,0
19,30,49.991091191933386,23.71430719570522,8.5,-10.5,1
19,31,60.174184711901226,21.469305484346577,9.0,-10.0,1
19,32,41.70726676182555,19.73988333948342,9.0,-10.5,1
19,33,53.005535182534416,23.91244863568519,9.5,-10.0,1
19,34,31.80139509579226,26.23143672854097,9.5,-10.5,1
19,35,6.070841734536928,26.210103179236615,10.0,-3.929158265463072,0
19,36,6.042359391771796,26.144997640676895,10.0,-4.457640608228204,0
19,37,6.156102150213996,25.910208205005468,10.5,-4.343897849786004,0
19,38,9.04760771167375,26.095934271451796,10.5,-1.9523922883262497,0
19,39,6.998709202314073,25.989215180286838,11.0,-4.001290797685927,0
19,40,7.797511341984522,26.1382115217187,11.0,-3.7024886580154783,0
19,41,6.930439240839538,26.191279007421134,11.5,-4.569560759160462,0
19,42,7.907066646930932,22.333576757462573,11.5,-4.092933353069068,0
19,43,5.536259649458078,17.32510029340529,12.0,-6.463740350541922,0
20,0,132.91186942721438,132.91186942721438,1.0,-10.5,1
20,1,99.4362180409563,99.4362180409563,1.5,-10.0,1
20,2,96.2136529722542,96.2136529722542,1.5,-10.5,1
20,3,35.02636722028306,35.02636722028306,2.0,-10.0,1
20,4,15.025274248741637,15.025274248741637,2.0,-10.5,1
20,5,52.92113073297264,52.92113073297264,2.5,-10.0,1
20,6,22.998987455189617,22.998987455189617,2.5,-10.5,1
20,7,4.534202708506316,4.534202708506316,3.0,-10.0,1
20,8,54.68013686555277,54.68013686555277,3.0,-10.5,1
20,9,8.409867816792758,8.409867816792758,3.5,-10.0,1
20,10,60.27329384695852,60.27329384695852,3.5,-10.5,1
20,11,10.780062572662263,54.37768085824107,4.0,-10.0,1
20,12,5.099143444626647,42.66151430983721,4.0,-10.5,1
20,13,5.446358460910586,34.04577718166634,4.5,-10.0,1
20,14,4.914318443548657,25.676671516535002,4.5,-10.5,1
20,15,15.065400574693278,23.84691624068927,5.0,-10.0,1
20,16,51.70247428971649,27.208992911111967,5.0,-10.5,1
20,17,11.79490169594546,23.43908858271781,5.5,-10.0,1
20,18,4.91474303773372,21.781366177784356,5.5,-1.0852569622662802,0
20,19,4.806214017836703,21.806300547806305,6.0,-1.1937859821632966,0
20,20,26.906740840507744,19.26040591217718,6.0,-10.5,1
20,21,18.855059466203816,20.217881813373193,6.5,-10.0,1
20,22,6.085521252333899,15.250669325532604,6.5,-0.9144787476661014,0
20,23,5.476732928810537,14.764530774846193,7.0,-1.523267071189463,0
20,24,5.108733343632955,14.765409848921774,7.0,-2.391266656367045,0
20,25,4.873229058989682,14.712872987079026,7.5,-2.626770941010318,0
20,26,7.832969835414273,14.980416031333373,7.5,-10.5,1
20,27,28.67368806338163,16.227842384463138,8.0,-10.0,1
20,28,23.469588000299527,13.639827807933248,8.0,-10.5,1
20,29,19.812879712827066,14.374809126147394,8.5,-10.0,1
20,30,15.88692717527992,15.380592672089126,8.5,-10.5,1
20,31,37.17617581637302,18.347839170288292,9.0,-10.0,1
20,32,82.33346197624645,23.428621941064343,9.0,-10.5,1
20,33,13.219601203169116,22.912038266952823,9.5,-10.0,1
20,34,5.830048477375832,22.88861992924834,9.5,-4.169951522624168,0
20,35,8.590144695946591,23.174016007902473,10.0,-1.4098553040534085,0
20,36,45.92279592803159,26.915305078139014,10.0,-10.5,1
20,37,8.652477834803989,27.261736215922,10.5,-1.8475221651960112,0
20,38,5.999594675621903,27.093676826274354,10.5,-5.000405324378097,0
20,39,6.960298264682751,25.103282761393626,11.0,-4.039701735317249,0
20,40,5.045956003425309,23.41444982834683,11.0,-6.454043996574691,0
20,41,20.54254653061184,23.48133595331043,11.5,-10.0,1
20,42,49.35117301223215,26.548891821697726,11.5,-10.5,1
20,43,106.579826477842,32.910893132332376,12.0,-10.0,1
20,44,0.5451125549538355,25.413627768713887,12.0,-11.954887445046165,0
21,0,222.0754852708975,222.0754852708975,1.0,-10.5,1
21,1,318.4317067516346,318.4317067516346,1.5,-10.0,1
21,2,265.6006756005812,265.6006756005812,1.5,-10.5,1
21,3,84.85733142202139,84.85733142202139,2.0,-10.0,1
21,4,18.572351735091047,18.572351735091047,2.0,-10.5,1
21,5,42.24624634749637,42.24624634749637,2.5,-10.0,1
21,6,7.565520077220096,7.565520077220096,2.5,-10.5,1
21,7,7.470355628438671,7.470355628438671,3.0,-10.0,1
21,8,7.110568596212734,7.110568596212734,3.0,-10.5,1
21,9,7.172874079548939,7.172874079548939,3.5,-10.0,1
21,10,7.87317205379113,7.87317205379113,3.5,-10.5,1
21,11,6.303054889839938,91.23393972483758,4.0,-10.0,1
21,12,7.95112826923055,71.60587366635144,4.0,-10.5,1
21,13,7.976793121627402,43.14750658360079,4.5,-10.0,1
21,14,14.252740080314595,20.107279160909677,4.5,-10.5,1
21,15,8.530742923753024,13.11067521523508,5.0,-10.0,1
21,16,12.157894799923366,12.522683329511375,5.0,-10.5,1
21,17,16.76632737852475,10.187024090688977,5.5,-10.0,1
21,18,36.19174475671402,12.811094686309254,5.5,-10.5,1
21,19,60.475388442542645,17.669889360935453,6.0,-10.0,1
21,20,21.71364791629201,19.008504965276053,6.0,-10.5,1
21,21,8.584684875560493,19.137920954910445,6.5,-10.0,1
21,22,7.039909718801279,19.061538574203045,6.5,-10.5,1
21,23,8.13257170152539,19.22924428194088,7.0,-10.0,1
21,24,6.384296119376737,19.085618001537608,7.0,-1.115703880623263,0
21,25,6.342985946321022,18.93585234380119,7.5,-1.157014053678978,0
21,26,16.80157130958964,19.169495206484733,7.5,-10.5,1
21,27,8.642018291226133,19.1796954485031,8.0,-10.0,1
21,28,9.681539566823565,18.95269621880229,8.0,-10.5,1
21,29,8.093625550804262,18.157698551261245,8.5,-0.40637444919573795,0
21,30,6.280945469956096,15.415875283308434,8.5,-2.7190545300439037,0
21,31,6.58874773669142,10.476266551938737,9.0,-2.4112522633085796,0
21,32,7.25248285114527,9.150659754300285,9.0,-2.2475171488547296,0
21,33,28.52072520940104,10.978130118235672,9.5,-10.0,1
21,34,39.35856224528908,13.940673266497052,9.5,-10.5,1
21,35,20.489848197324577,15.073423611945312,10.0,-10.0,1
21,36,8.115615565212916,15.232127894480293,10.0,-2.3843844347870835,0
21,37,6.197199990973573,15.218764181906778,10.5,-4.302800009026427,0
21,38,25.89573905795967,16.052396225507366,10.5,-10.5,1
21,39,8.614537748280732,16.049877175737368,11.0,-2.385462251719268,0
21,40,8.076996076901702,15.90279402249453,11.0,-3.423003923098298,0
21,41,8.706038999971794,15.958931922001556,11.5,-2.7939610000282062,0
21,42,6.7371850797378805,16.000753886231553,11.5,-5.2628149202621195,0
21,43,6.15235237331927,15.960750977922437,12.0,-5.84764762668073,0
22,0,223.03048876992327,223.03048876992327,1.0,-10.5,1
22,1,171.84914894864664,171.84914894864664,1.5,-10.0,1
22,2,103.2487460276604,103.2487460276604,1.5,-10.5,1
22,3,41.00974631560727,41.00974631560727,2.0,-10.0,1
22,4,10.930965582598308,10.930965582598308,2.0,-10.5,1
22,5,63.173881890289245,63.173881890289245,2.5,-10.0,1
22,6,41.444631501500965,41.444631501500965,2.5,-10.5,1
22,7,50.84500346796011,50.84500346796011,3.0,-10.0,1
22,8,88.9600400218415,88.9600400218415,3.0,-10.5,1
22,9,5.182132141085187,5.182132141085187,3.5,-10.0,1
22,10,28.79036690805496,28.79036690805496,3.5,-10.5,1
22,11,25.621868624394125,78.29131018495985,4.0,-10.0,1
22,12,4.944536419305038,58.300097886153175,4.0,-10.5,1
22,13,6.959421664588991,43.1852062184479,4.5,-10.0,1
22,14,18.57501646395561,35.42344767510829,4.5,-10.5,1
22,15,5.9849486379051005,32.21284122131893,5.0,-10.0,1
22,16,7.023580967474839,31.854664298265938,5.0,-10.5,1
22,17,63.72968294844667,31.90561272859704,5.5,-10.0,1
22,18,54.71750472980195,33.122292774524624,5.5,-10.5,1
22,19,36.77301947286662,31.832360908307724,6.0,-10.0,1
22,20,6.011693986554392,24.22876252173974,6.0,-10.5,1
22,21,18.8682548695188,25.483323771846152,6.5,-10.0,1
22,22,8.742438448722863,23.64559699640738,6.5,-10.5,1
22,23,14.482904611877284,22.62452529526,7.0,-10.0,1
22,24,19.27230450246113,23.937904036215972,7.0,-10.5,1
22,25,55.32063473979651,28.371015234776664,7.5,-10.0,1
22,26,7.919042038659054,27.394217579124483,7.5,-10.5,1
22,27,6.427605501431598,27.434794458281072,8.0,-1.5723944985684017,0
22,28,6.941617364524397,27.427281128010616,8.0,-1.5583826354756027,0
22,29,40.407992973101706,25.28945954693733,8.5,-10.0,1
22,30,65.34821932367035,26.263941718041934,8.5,-10.5,1
22,31,13.561654620178764,24.136233273212213,9.0,-10.0,1
22,32,11.627313704799162,24.65099841405132,9.0,-10.5,1
22,33,5.445833266320567,23.420609767091477,9.5,-4.054166733679433,0
22,34,5.366390792291211,23.111138731918572,9.5,-4.633609207708789,0
22,35,5.658308776682747,22.302217447025743,10.0,-4.341691223317253,0
22,36,6.3724378107281,21.119729666950214,10.0,-4.1275621892719,0
22,37,6.893845268710996,16.680607298767377,10.5,-3.6061547312890037,0
22,38,7.271291521923151,16.62123016806659,10.5,-3.7287084780768494,0
22,39,6.379546307026912,16.616824741912822,11.0,-4.620453692973088,0
22,40,6.020428524967564,16.532382431620118,11.0,-5.479571475032436,0
22,41,6.820780618672931,13.45355463246414,11.5,-4.679219381327069,0
22,42,6.158434995178054,8.02782440235235,11.5,-5.341565004821946,0
22,43,5.454491089292752,7.284667745354466,11.5,-6.045508910707248,0
22,44,0.2551528484716461,6.242219666857775,11.5,-11.244847151528354,0
23,0,291.80239798854313,291.80239798854313,1.0,-10.5,1
23,1,224.3310738262861,224.3310738262861,1.5,-10.0,1
23,2,154.54124575799372,154.54124575799372,1.5,-10.5,1
23,3,47.97606868651369,47.97606868651369,2.0,-10.0,1
23,4,23.78796105555152,23.78796105555152,2.0,-10.5,1
23,5,17.779825399918906,17.779825399918906,2.5,-10.0,1
23,6,76.01782420466937,76.01782420466937,2.5,-10.5,1
23,7,7.40798731736822,7.40798731736822,3.0,-10.0,1
23,8,81.34416970167374,81.34416970167374,3.0,-10.5,1
23,9,55.12022373339179,55.12022373339179,3.5,-10.0,1
23,10,6.957425962356282,6.957425962356282,3.5,-10.5,1
23,11,6.479492234526735,91.07502212130606,4.0,-10.0,1
23,12,5.705007044336088,64.84942795142041,4.0,-10.5,1
23,13,7.527308545188278,44.975749467319766,4.5,-10.0,1
23,14,10.747883971466145,31.79469130355474,4.5,-10.5,1
23,15,6.900526183152438,28.02943324074663,5.0,-10.0,1
23,16,12.214625300326658,26.968544129851015,5.0,-10.5,1
23,17,9.3422145576019,26.195096469305284,5.5,-10.0,1
23,18,6.934285747787751,19.86243877742447,5.5,-10.5,1
23,19,8.944014547356893,20.003241273506763,6.0,-10.0,1
23,20,62.4158369118805,18.26814410110905,6.0,-10.5,1
23,21,127.82829906967564,24.933051006935067,6.5,-10.0,1
23,22,44.99531047282762,28.419857087061615,6.5,-10.5,1
23,23,6.942235528375233,28.462275222331055,7.0,-0.05776447162476739,0
23,24,6.765213275374341,28.55946079350956,7.0,-0.7347867246256587,0
23,25,6.557782210871797,28.47058754619722,7.5,-0.9422177891282031,0
23,26,38.44916211737535,31.00987137623889,7.5,-10.5,1
23,27,7.278666659121311,31.04453425320271,8.0,-0.7213333408786893,0
23,28,8.455784293122553,30.699973827542337,8.0,-10.5,1
23,29,6.586605951556586,30.44737637198818,8.5,-1.913394048443414,0
23,30,6.535753551770476,30.41084425401993,8.5,-2.464246448229524,0
23,31,6.716566945147568,30.206661557150742,9.0,-2.2834330548524324,0
23,32,5.900318493556866,25.026072368804407,9.0,-3.599681506443134,0
23,33,7.518654994950784,13.997688328621296,9.5,-1.9813450050492163,0
23,34,6.473162174224977,10.466491401249387,9.5,-3.526837825775023,0
23,35,6.4610123336669645,10.422379275067795,10.0,-3.5389876663330355,0
23,36,7.272842900115533,10.46891199066907,10.0,-3.227157099884467,0
23,37,6.68963234181837,10.480998252672508,10.5,-3.8103676581816304,0
23,38,7.66962263022355,7.659540466350258,10.5,-2.83037736977645,0
23,39,7.779568927423551,7.705456507611299,10.5,-2.7204310725764493,0
23,40,7.378553311925661,7.606710334334914,10.5,-3.1214466880743386,0
23,41,7.705922693856224,7.709314369045714,10.5,-2.794077306143776,0
23,42,6.319210550234374,7.689464593904906,10.5,-4.180789449765626,0
23,43,6.479939157599331,7.667773713379652,10.5,-4.020060842400669,0
24,0,144.99076989581525,144.99076989581525,1.0,-10.5,1
24,1,69.36135585942597,69.36135585942597,1.5,-10.0,1
24,2,119.25989314700752,119.25989314700752,1.5,-10.5,1
24,3,44.47455868716767,44.47455868716767,2.0,-10.0,1
24,4,10.546047229645527,10.546047229645527,2.0,-10.5,1
24,5,96.13842590443292,96.13842590443292,2.5,-10.0,1
24,6,98.02782288226346,98.02782288226346,2.5,-10.5,1
24,7,5.005142120943473,5.005142120943473,3.0,-10.0,1
24,8,5.261695925465768,5.261695925465768,3.0,-10.5,1
24,9,4.274917134662831,4.274917134662831,3.5,-10.0,1
24,10,4.878803393134621,4.878803393134621,3.5,-10.5,1
24,11,4.144747118185981,55.58338310233051,4.0,-10.0,1
24,12,4.833462873431672,42.735629958612016,4.0,-10.5,1
24,13,5.338170636908599,36.86683797988126,4.5,-10.0,1
24,14,4.289887937098136,26.327920835639564,4.5,-0.7101120629018638,0
24,15,4.140798799659708,22.630659512618,5.0,-0.8592012003402916,0
24,16,46.13275622005128,25.89277450340519,5.0,-10.5,1
24,17,106.6775292766501,26.85885897919177,5.5,-10.0,1
24,18,68.06864137435757,24.1126006743004,5.5,-10.5,1
24,19,6.553138091533843,24.25450030493785,6.0,-10.0,1
24,20,5.503092410040707,24.276628316023885,6.0,-0.9969075899592932,0
24,21,3.695582638556848,24.22352265388084,6.5,-2.804417361443152,0
24,22,3.854902367818381,24.12966505989351,6.5,-3.145097632181619,0
24,23,3.829998510180265,24.100813104159652,7.0,-3.170001489819735,0
24,24,3.970136997878285,24.021674898900596,7.0,-3.529863002121715,0
24,25,4.266130626439088,23.92340456460755,7.5,-3.2338693735609123,0
24,26,29.724829324178906,26.254940858423293,7.5,-10.5,1
24,27,54.474349040451344,30.86884963049586,8.0,-10.0,1
24,28,4.767268102969482,27.077013219763362,8.0,-3.7327318970305177,0
24,29,4.090495744572661,17.67320181265626,8.5,-4.409504255427339,0
24,30,3.371060783982644,11.74259025853856,8.5,-5.628939216017356,0
24,31,2.962816235102676,11.413477421699037,9.0,-6.037183764897324,0
24,32,4.036983256643375,11.279084082637613,9.0,-5.463016743356625,0
24,33,3.402007060611814,11.252172987992653,9.5,-6.097992939388186,0
24,34,3.024548289792474,11.176057197506942,9.5,-6.975451710207526,0
24,35,3.2709419824626,11.124810349132826,10.0,-6.7290580175374,0
24,36,3.3890756367942267,11.071546391033452,10.0,-7.110924363205774,0
24,37,4.177509298439476,11.063422769300155,10.5,-6.322490701560524,0
24,38,2.9464888333935573,8.60874155764483,10.5,-8.053511166606443,0
24,39,3.246786121556948,3.9128816234128445,11.0,-7.753213878443052,0
24,40,3.4920189304317657,3.7959837825968874,11.0,-7.507981069568235,0
24,41,3.927958976116229,3.781084578821715,11.0,-7.072041023883771,0
24,42,12.567272951898827,4.624070694214031,11.0,-10.0,1
24,43,3.220031812169012,4.647648788778445,11.0,-7.779968187830988,0
25,0,31.20955856899793,31.20955856899793,1.0,-10.5,1
25,1,17.125126379003078,17.125126379003078,1.5,-10.0,1
25,2,27.59406840048932,27.59406840048932,1.5,-10.5,1
25,3,6.108114255944869,6.108114255944869,2.0,-10.0,1
25,4,6.2482434668625935,6.2482434668625935,2.0,-10.5,1
25,5,7.63110877961883,7.63110877961883,2.5,-10.0,1
25,6,44.258012008475646,44.258012008475646,2.5,-10.5,1
25,7,17.661189322088028,17.661189322088028,3.0,-10.0,1
25,8,99.59274433573908,99.59274433573908,3.0,-10.5,1
25,9,26.804434984802604,26.804434984802604,3.5,-10.0,1
25,10,7.36109117227616,7.36109117227616,3.5,-10.5,1
25,11,7.624909621619886,27.428371785459156,4.0,-10.0,1
25,12,5.479490336096895,25.069782197443224,4.0,-10.5,1
25,13,5.453734954693274,23.99990465021483,4.5,-10.0,1
25,14,7.5296774253189085,22.160668810824205,4.5,-10.5,1
25,15,6.735236595991003,22.218155025328432,5.0,-10.0,1
25,16,31.094937498977693,24.495768644938988,5.0,-10.5,1
25,17,29.906608938225887,26.537689492811303,5.5,-10.0,1
25,18,29.23591115949881,25.160663581655093,5.5,-10.5,1
25,19,42.226196022486896,27.412455862524983,6.0,-10.0,1
25,20,19.46676366148317,20.067574300718196,6.0,-10.5,1
25,21,5.810954752949758,18.143171946131684,6.5,-0.6890452470502417,0
25,22,7.034203674884717,18.113207258870798,6.5,-10.5,1
25,23,12.495361210225152,18.559665321159617,7.0,-10.0,1
25,24,57.2337360729859,23.303804513707778,7.0,-10.5,1
25,25,157.3838644668407,37.230733052321284,7.5,-10.0,1
25,26,106.12461152783872,46.26860201171895,7.5,-10.5,1
25,27,97.0291605883575,54.54554504435254,8.0,-10.0,1
25,28,15.730755221410144,53.13716166890885,8.0,-10.5,1
25,29,22.144574795253764,52.42564187246973,8.5,-10.0,1
25,30,5.475765955512332,50.24762856210431,8.5,-3.5242340444876676,0
25,31,19.402686997210388,48.155473568120634,9.0,-10.0,1
25,32,6.037490815581353,46.92445689057963,9.0,-3.4625091844186473,0
25,33,6.573382368169215,46.9943460886414,9.5,-2.9266176318307853,0
25,34,5.355010502013522,46.84042004779488,9.5,-4.644989497986478,0
25,35,5.981155533342033,46.24328452741393,10.0,-4.018844466657967,0
25,36,5.071527324151052,41.4617487254374,10.0,-5.428472675848948,0
25,37,5.523183464747144,27.541186300245492,10.5,-4.976816535252856,0
25,38,6.869045372202846,18.442759402645535,10.5,-4.130954627797154,0
25,39,8.506132870692158,10.328148528526214,11.0,-2.4938671293078425,0
25,40,6.7117395473178325,9.50140542506775,11.0,-4.7882604526821675,0
25,41,28.19887818782573,10.056383236053515,11.5,-10.0,1
25,42,68.93740791688259,15.873700415845788,11.5,-10.5,1
25,43,68.39615913319115,20.364768694977357,12.0,-10.0,1
25,44,3.09295859441274,20.094853241370238,12.0,-9.407041405587261,0
26,0,16.247110528140983,16.247110528140983,1.0,-10.5,1
26,1,84.34088768787761,84.34088768787761,1.5,-10.0,1
26,2,65.02962558554151,65.02962558554151,1.5,-10.5,1
26,3,25.482006370291455,25.482006370291455,2.0,-10.0,1
26,4,5.659922274400904,5.659922274400904,2.0,-10.5,1
26,5,18.108658331719884,18.108658331719884,2.5,-10.0,1
26,6,94.27175788458592,94.27175788458592,2.5,-10.5,1
26,7,96.07085985340906,96.07085985340906,3.0,-10.0,1
26,8,96.24215548031908,96.24215548031908,3.0,-10.5,1
26,9,75.88732986381768,75.88732986381768,3.5,-10.0,1
26,10,7.671314141830542,7.671314141830542,3.5,-10.5,1
26,11,6.4427064551613,54.2166473252338,4.0,-10.0,1
26,12,4.838068910037496,53.170818510240984,4.0,-10.5,1
26,13,5.458268424042903,45.93991174438946,4.5,-10.0,1
26,14,4.8512879992370745,40.42356413231156,4.5,-10.5,1
26,15,4.937145037423699,38.540285176798676,5.0,-0.06285496257630108,0
26,16,76.93328402925462,45.073676670993606,5.0,-10.5,1
26,17,160.34650934393892,58.112146347113686,5.5,-10.0,1
26,18,110.47708445001868,59.59763461561169,5.5,-10.5,1
26,19,16.315555441612172,52.28673171119698,6.0,-10.0,1
26,20,64.38786788708218,49.36675534848359,6.0,-10.5,1
26,21,116.9663200743335,53.1323294511142,6.5,-10.0,1
26,22,98.63008490140844,61.47021677074216,6.5,-10.5,1
26,23,58.190272941203325,66.21374369862936,7.0,-10.0,1
26,24,9.149921557957514,66.60899685802204,7.0,-10.5,1
26,25,14.140863008628209,67.40490136160902,7.5,-10.0,1
26,26,6.335680277677149,67.54097065379936,7.5,-1.6643197223228512,0
26,27,5.602522187594793,67.60196355923172,8.0,-2.3974778124052074,0
26,28,6.907992721729976,61.18297852270862,8.0,-1.5920072782700236,0
26,29,6.109693302803021,47.04460371893783,8.5,-2.390306697196979,0
26,30,5.434151178041021,37.41566816900654,8.5,-3.565848821958979,0
26,31,5.512257042075715,36.4253658157157,9.0,-3.4877429579242847,0
26,32,5.884365148165152,31.06254473131497,9.0,-3.615634851834848,0
26,33,7.117573099454237,20.993076258617705,9.5,-2.382426900545763,0
26,34,5.654230365995701,12.470289592871534,9.5,-4.345769634004299,0
26,35,6.774433656817351,7.75717099180282,10.0,-3.225566343182649,0
26,36,6.040064281689135,7.472100741478218,10.0,-3.9599357183108648,0
26,37,6.00157070833583,6.72599894728475,10.0,-3.99842929166417,0
26,38,5.6030285461680105,6.658839205229746,10.0,-4.3969714538319895,0
26,39,65.4313073075882,12.143144507895808,10.0,-10.5,1
26,40,66.80337468163452,17.63355452088706,10.5,-10.0,1
26,41,5.530505138766819,17.580462272517074,10.5,-5.469494861233181,0
26,42,5.189787471645145,17.558062266097448,11.0,-5.810212528354855,0
26,43,25.382697679330946,19.37951932451251,11.0,-10.5,1
27,0,206.38145293066265,206.38145293066265,1.0,-10.5,1
27,1,119.0492457365726,119.0492457365726,1.5,-10.0,1
27,2,118.7443203523621,118.7443203523621,1.5,-10.5,1
27,3,84.56449418547922,84.56449418547922,2.0,-10.0,1
27,4,18.729849535701423,18.729849535701423,2.0,-10.5,1
27,5,36.63260875344113,36.63260875344113,2.5,-10.0,1
27,6,7.23193775168405,7.23193775168405,2.5,-10.5,1
27,7,13.405567361743929,13.405567361743929,3.0,-10.0,1
27,8,67.66457311388162,67.66457311388162,3.0,-10.5,1
27,9,5.321803720128185,5.321803720128185,3.5,-10.0,1
27,10,4.097961536929232,4.097961536929232,3.5,-10.5,1
27,11,5.251667031556167,62.98191918426304,4.0,-10.0,1
27,12,4.639277075589861,44.48888639754804,4.0,-10.5,1
27,13,4.1476770857580485,33.956242604556714,4.5,-0.3523229142419515,0
27,14,6.249862032750992,23.644250591925687,4.5,-10.5,1
27,15,4.306113048063125,16.287232320995884,5.0,-0.6938869519368751,0
27,16,4.1540891294190425,14.951120950419998,5.0,-1.3459108705809575,0
27,17,4.832848091229663,12.036142889717276,5.5,-0.6671519087703368,0
27,18,53.41291737333699,16.269399355035464,5.5,-10.5,1
27,19,4.8299703543974575,15.48330296269537,6.0,-1.1700296456025425,0
27,20,4.576007948297242,9.700184489183469,6.0,-1.9239920517027578,0
27,21,5.05215899782559,9.67546705630573,6.5,-1.4478410021744104,0
27,22,4.503212077633079,9.712615022536916,6.5,-2.496787922366921,0
27,23,5.266610043149859,9.713984798599672,7.0,-1.7333899568501412,0
27,24,31.674277298990237,12.192193152411372,7.0,-10.5,1
27,25,52.45961904331069,16.6207878318537,7.5,-10.0,1
27,26,44.592554661919166,20.135534656194114,7.5,-10.5,1
27,27,4.882225721841652,20.18834498462381,8.0,-3.1177742781583477,0
27,28,5.658303010962665,20.326231257098645,8.0,-2.8416969890373354,0
27,29,16.12398400145501,21.361252048869304,8.5,-10.0,1
27,30,9.795630287413776,17.36300073265967,8.5,-10.5,1
27,31,5.190234882230112,17.396024981044334,9.0,-3.8097651177698877,0
27,32,4.984500982176286,17.433470175816577,9.0,-4.515499017823714,0
27,33,4.573186863527505,17.389564396839255,9.5,-4.926813136472495,0
27,34,4.945151967118789,17.430075553375442,9.5,-5.054848032881211,0
27,35,4.47614155646665,17.357615942096146,10.0,-5.52385844353335,0
27,36,11.998725215758869,15.554023667799939,10.0,-10.5,1
27,37,24.919493174393217,13.029512129815837,10.5,-10.0,1
27,38,26.809456710764884,11.399394817626696,10.5,-10.5,1
27,39,7.234044983730143,11.614978249966477,11.0,-3.7659550162698574,0
27,40,6.56090924597692,11.697717154842783,11.0,-4.93909075402308,0
27,41,8.106704006068986,10.962799821932396,11.5,-3.393295993931014,0
27,42,5.71981477975699,10.58918340039719,11.5,-6.28018522024301,0
27,43,3.9195997670665097,10.472708514840527,12.0,-8.08040023293349,0
28,0,20.63889884819329,20.63889884819329,1.0,-10.5,1
28,1,76.58097775768559,76.58097775768559,1.5,-10.0,1
28,2,50.657643230321625,50.657643230321625,1.5,-10.5,1
28,3,25.643038698829933,25.643038698829933,2.0,-10.0,1
28,4,3.682243359649966,3.682243359649966,2.0,-10.5,1
28,5,45.52371625236008,45.52371625236008,2.5,-10.0,1
28,6,5.519894217553337,5.519894217553337,2.5,-10.5,1
28,7,14.216382612999796,14.216382612999796,3.0,-10.0,1
28,8,8.229945073079094,8.229945073079094,3.0,-10.5,1
28,9,33.76024006180156,33.76024006180156,3.5,-10.0,1
28,10,101.56790949827536,101.56790949827536,3.5,-10.5,1
28,11,100.74166816578138,44.61990112951534,4.0,-10.0,1
28,12,4.73064571834375,43.16164459261247,4.0,-10.5,1
28,13,4.654679854956,36.56840061819559,4.5,-10.0,1
28,14,3.4840428428638512,32.24415391601196,4.5,-1.5159571571361488,0
28,15,14.946760855036793,31.263661780330928,5.0,-10.0,1
28,16,82.59020994313919,38.49689205048411,5.0,-10.5,1
28,17,12.880405298865035,35.50458854641373,5.5,-10.0,1
28,18,31.11474904987941,37.850783572710284,5.5,-10.5,1
28,19,44.7998163511092,40.654264998703646,6.0,-10.0,1
28,20,3.8381039380643664,40.25167956132729,6.0,-2.6618960619356336,0
28,21,5.775694347349622,37.68642953750253,6.5,-0.7243056526503784,0
28,22,5.434851321743751,28.874232537987133,6.5,-1.5651486782562491,0
28,23,5.531987586491972,20.146678484885605,7.0,-1.4680124135080277,0
28,24,4.41125926620278,20.11740139343935,7.0,-3.08874073379722,0
28,25,4.928391953657293,20.142491669153635,7.5,-2.571608046342707,0
28,26,4.656783602190314,20.249992905425227,7.5,-3.3432163978096856,0
28,27,27.41275113284299,21.392708680890795,8.0,-10.0,1
28,28,4.989783661021088,14.279336271696634,8.0,-3.5102163389789123,0
28,29,5.503136209552848,13.60308660517635,8.5,-2.9968637904471516,0
28,30,4.20178688877307,11.136065073741602,8.5,-4.79821311122693,0
28,31,5.045174973182408,7.491889614098313,9.0,-3.954825026817592,0
28,32,4.477540282007361,7.550504612293089,9.0,-5.022459717992639,0
28,33,9.912867246910409,7.929745461419494,9.5,-10.0,1
28,34,4.333708451553616,7.828807364985398,9.5,-5.666291548446384,0
28,35,4.566483191225856,7.740302795419337,10.0,-5.433516808774144,0
28,36,5.006252690435412,7.7948438593073295,10.0,-4.993747309564588,0
28,37,4.981251817486923,7.799689346825045,10.0,-5.018748182513077,0
28,38,4.312751918131736,7.768153109119675,10.0,-5.687248081868264,0
28,39,15.759070963817512,6.699899093625672,10.0,-10.0,1
28,40,48.852570240085264,10.720654530039887,10.0,-10.5,1
28,41,107.8913042174382,20.10623659742938,10.5,-10.0,1
28,42,73.73784538644723,26.480375293049516,10.5,-10.5,1
28,43,161.67862058689687,40.83844114097334,11.0,-10.0,1
29,0,162.05552856618053,162.05552856618053,1.0,-10.5,1
29,1,85.40665175721423,85.40665175721423,1.5,-10.0,1
29,2,113.97859229384368,113.97859229384368,1.5,-10.5,1
29,3,60.25760598992694,60.25760598992694,2.0,-10.0,1
29,4,89.69676063367362,89.69676063367362,2.0,-10.5,1
29,5,172.14260011594828,172.14260011594828,2.5,-10.0,1
29,6,111.6153193294177,111.6153193294177,2.5,-10.5,1
29,7,6.280493725398758,6.280493725398758,3.0,-10.0,1
29,8,72.60868694493254,72.60868694493254,3.0,-10.5,1
29,9,6.466283284317007,6.466283284317007,3.5,-10.0,1
29,10,6.038350827574436,6.038350827574436,3.5,-10.5,1
29,11,6.817139609220748,81.89170119878445,4.0,-10.0,1
29,12,5.86270662042495,67.57402585375685,4.0,-10.5,1
29,13,5.799248231670805,60.27668053058204,4.5,-10.0,1
29,14,10.799929836583152,50.818636471999824,4.5,-10.5,1
29,15,6.214243970014915,45.86466162017455,5.0,-10.0,1
29,16,7.851204660377873,38.36215232262244,5.0,-10.5,1
29,17,51.40745265853894,27.29476380569325,5.5,-10.0,1
29,18,17.797488585295437,18.694795987482046,5.5,-10.5,1
29,19,6.402767078915819,18.70600437822111,6.0,-10.0,1
29,20,7.764065814813926,12.761914107960237,6.0,-10.5,1
29,21,6.766735035366088,12.789455518473067,6.5,-10.0,1
29,22,6.203616592634249,12.804604880270219,6.5,-0.7963834073657514,0
29,23,5.0634095901012826,12.643846295184268,7.0,-1.9365904098987174,0
29,24,5.889549774168492,12.646306917610758,7.0,-1.6104502258315083,0
29,25,4.894138684770017,12.563338542478187,7.5,-2.6058613152299834,0
29,26,7.765889542317518,12.285218182170501,7.5,-10.5,1
29,27,7.963621776159478,12.44557781440042,8.0,-0.03637822384052214,0
29,28,6.006429223503873,12.276473399353637,8.0,-2.493570776496127,0
29,29,5.953297670297333,8.109842525431489,8.5,-2.5467023297026667,0
29,30,5.473536195158275,6.980146889668916,8.5,-3.5264638048417254,0
29,31,5.579155808582489,6.90464918988836,9.0,-3.420844191417511,0
29,32,4.823440225698879,6.63509184421948,9.0,-4.176559774301121,0
29,33,5.508582487884413,6.519761194033661,9.0,-3.4914175121155866,0
29,34,5.54829224038462,6.459689795077445,9.0,-3.4517077596153802,0
29,35,4.673802993959342,6.4239758570977665,9.0,-4.326197006040658,0
29,36,4.625905484173562,6.308141797181563,9.0,-4.374094515826438,0
29,37,6.084520791917664,6.417260157003433,9.0,-2.9154792080823357,0
29,38,5.339667075201985,6.194856430851176,9.0,-3.6603329247980154,0
29,39,6.613944471440997,6.071136011251982,9.0,-2.3860555285590026,0
29,40,5.464084343567081,6.021421063924442,9.0,-3.535915656432919,0
29,41,4.973293642134222,5.931587361342823,9.0,-4.026706357865778,0
29,42,5.64732302106772,5.9475178203845225,9.0,-3.35267697893228,0
29,43,4.794010863500224,5.87554620041865,9.0,-4.205989136499776,0
30,0,81.17352149617646,81.17352149617646,1.0,-10.5,1
30,1,27.06801189067188,27.06801189067188,1.5,-10.0,1
30,2,17.830099448484738,17.830099448484738,1.5,-10.5,1
30,3,11.01653060725827,11.01653060725827,2.0,-10.0,1
30,4,9.19266506743355,9.19266506743355,2.0,-10.5,1
30,5,61.927601447337935,61.927601447337935,2.5,-10.0,1
30,6,154.84552430937003,154.84552430937003,2.5,-10.5,1
30,7,54.19148245094322,54.19148245094322,3.0,-10.0,1
30,8,121.70088474180662,121.70088474180662,3.0,-10.5,1
30,9,110.58166735499,110.58166735499,3.5,-10.0,1
30,10,58.61033119093096,58.61033119093096,3.5,-10.5,1
30,11,17.350884726443475,66.50317710041934,4.0,-10.0,1
30,12,17.73434504427629,60.68791925899516,4.0,-10.5,1
30,13,4.989396658654624,58.66404619606024,4.5,-10.0,1
30,14,6.891725267399036,57.66136189612738,4.5,-10.5,1
30,15,4.385574991833784,57.053524298046796,5.0,-0.6144250081662159,0
30,16,4.453679875461625,56.619117322116026,5.0,-1.0463201245383749,0
30,17,40.64346135276152,54.66807114677986,5.5,-10.0,1
30,18,63.21518382600445,46.26862326913801,5.5,-10.5,1
30,19,5.207011732146682,41.77838011991499,6.0,-0.7929882678533184,0
30,20,5.532212557740866,31.12958516970897,6.0,-0.9677874422591337,0
30,21,6.512786641558472,21.58993777097775,6.5,-10.0,1
30,22,5.741248720128636,16.7436052111542,6.5,-1.2587512798713636,0
30,23,5.552622763780098,15.662097864576726,7.0,-1.4473772362199018,0
30,24,5.591054751810754,14.548962921100719,7.0,-1.9089452481892462,0
30,25,7.966704820467674,14.821882835933582,7.5,-10.0,1
30,26,76.14394353695148,21.17000284397589,7.5,-10.5,1
30,27,4.368988279378084,21.168482395334117,8.0,-3.631011720621916,0
30,28,5.063672492967172,21.22439838527212,8.0,-3.4363275070328276,0
30,29,12.409916871610577,18.636323474499957,8.5,-10.0,1
30,30,4.747459170131023,13.276782047711556,8.5,-4.252540829868977,0
30,31,6.157676859846697,13.36392635108406,9.0,-2.8423231401533027,0
30,32,5.226311736097027,13.335885442433373,9.0,-4.273688263902973,0
30,33,10.96591728030564,13.744089084318528,9.5,-10.0,1
30,34,4.54676978579476,13.63459518200459,9.5,-5.45323021420524,0
30,35,4.339913639585753,13.523430178953443,10.0,-5.660086360414247,0
30,36,4.217070190377798,13.39748159415542,10.0,-6.282929809622202,0
30,37,5.188594189253806,13.142821452960817,10.5,-5.311405810746194,0
30,38,32.70406842868935,9.160832901370123,10.5,-10.5,1
30,39,42.879134036325695,12.690929595756986,11.0,-10.0,1
30,40,4.335926566852732,12.624219552529828,11.0,-7.164073433147268,0
30,41,13.857808541372206,12.756942955591311,11.5,-10.0,1
30,42,23.647190956355544,14.48941836932856,11.5,-10.5,1
30,43,21.132029832356604,15.862067391808631,12.0,-10.0,1
31,0,85.3587446952475,85.3587446952475,1.0,-10.5,1
31,1,88.53846770655832,88.53846770655832,1.5,-10.0,1
31,2,73.11083718223585,73.11083718223585,1.5,-10.5,1
31,3,30.74133367024471,30.74133367024471,2.0,-10.0,1
31,4,7.931502811843622,7.931502811843622,2.0,-10.5,1
31,5,110.69942894525822,110.69942894525822,2.5,-10.0,1
31,6,149.5223247310883,149.5223247310883,2.5,-10.5,1
31,7,44.882963610487856,44.882963610487856,3.0,-10.0,1
31,8,4.597625571612252,4.597625571612252,3.0,-10.5,1
31,9,46.96204193195573,46.96204193195573,3.5,-10.0,1
31,10,7.254707212531641,7.254707212531641,3.5,-10.5,1
31,11,4.999413769398241,60.00494425185904,4.0,-10.0,1
31,12,12.906552326026825,53.36349328468047,4.0,-10.5,1
31,13,5.486967908758025,45.750439136548785,4.5,-10.0,1
31,14,11.235232597176111,40.07850871625164,4.5,-10.5,1
31,15,50.36509156914903,41.87735319031787,5.0,-10.0,1
31,16,11.01700960234306,42.16019131278032,5.0,-10.5,1
31,17,9.702700656348334,32.90215788629691,5.5,-10.0,1
31,18,10.376197632000787,20.14709623554722,5.5,-10.5,1
31,19,12.115777928167487,17.143437548001188,6.0,-10.0,1
31,20,22.949653862770116,18.825706808023995,6.0,-10.5,1
31,21,5.2583084584518485,15.002864572952804,6.5,-1.2416915415481515,0
31,22,16.615538737464064,15.860940796071612,6.5,-10.5,1
31,23,4.066213327572666,15.7753974222376,7.0,-2.933786672427334,0
31,24,4.4740071235299474,15.002414112008719,7.0,-3.0259928764700526,0
31,25,3.927311338141169,14.85944559303551,7.5,-3.572688661858831,0
31,26,17.902750727850126,15.470634755013961,7.5,-10.5,1
31,27,3.945197653118032,11.215477812711118,8.0,-4.054802346881968,0
31,28,4.491381513599133,10.617295237909591,8.0,-4.008618486400867,0
31,29,4.169894034941975,10.11012129761401,8.5,-4.330105965058025,0
31,30,3.74428428780842,9.502195907729707,8.5,-5.25571571219158,0
31,31,4.682865675914711,8.82084561793987,9.0,-4.317134324085289,0
31,32,3.981669517733197,7.082113719644819,9.0,-5.018330482266803,0
31,33,3.983344165404925,6.965241992782184,9.0,-5.016655834595075,0
31,34,3.619293983311695,5.7739195569848825,9.0,-5.380706016688305,0
31,35,4.254648731811498,5.791192802373443,9.0,-4.745351268188502,0
31,36,6.342900408347171,5.962508020148355,9.0,-2.6570995916528286,0
31,37,3.993260214133241,5.968553333780962,9.0,-5.006739785866759,0
31,38,3.5303765886442404,4.651085704353756,9.0,-5.46962341135576,0
31,39,4.593855337811985,4.7105459921173685,9.0,-4.406144662188015,0
31,40,4.44907167325213,4.7066675900855595,9.0,-4.55092832674787,0
31,41,3.651858406861712,4.659180990844869,9.0,-5.348141593138288,0
31,42,6.379752305547619,4.900765559137629,9.0,-2.620247694452381,0
31,43,92.626389287423,12.962255223525887,9.0,-10.5,1
32,0,78.96659106458769,78.96659106458769,1.0,-10.5,1
32,1,95.29344680748048,95.29344680748048,1.5,-10.0,1
32,2,96.92733855517938,96.92733855517938,1.5,-10.5,1
32,3,54.62291971769854,54.62291971769854,2.0,-10.0,1
32,4,4.972075368236087,4.972075368236087,2.0,-10.5,1
32,5,37.1455995862616,37.1455995862616,2.5,-10.0,1
32,6,126.00242918868948,126.00242918868948,2.5,-10.5,1
32,7,4.19416163536731,4.19416163536731,3.0,-10.0,1
32,8,3.5321461268466505,3.5321461268466505,3.0,-10.5,1
32,9,3.7532001333269007,3.7532001333269007,3.5,-10.0,1
32,10,3.592394345904831,3.592394345904831,3.5,-10.5,1
32,11,3.893120059919032,47.01541373737065,4.0,-0.1068799400809679,0
32,12,3.842490781058936,40.129037878047185,4.0,-0.6575092189410641,0
32,13,16.338687021957096,32.89151823104087,4.5,-10.0,1
32,14,28.383418940894156,26.60832559973139,4.5,-10.5,1
32,15,14.030499877513776,22.887353781047786,5.0,-10.0,1
32,16,32.74522570132323,25.433225894914113,5.0,-10.5,1
32,17,63.08642535458189,27.811134923676804,5.5,-10.0,1
32,18,98.34131689925547,25.27553296381202,5.5,-10.5,1
32,19,21.633372373205127,26.87412728144715,6.0,-10.0,1
32,20,3.6801079557590426,26.88769044909746,6.0,-2.8198920442409574,0
32,21,3.7801858086322513,26.89016413600045,6.5,-2.7198141913677487,0
32,22,19.09083814506956,28.31085481759055,6.5,-10.5,1
32,23,46.13123237807167,32.182681780087876,7.0,-10.0,1
32,24,21.466576821024937,33.79822300041809,7.0,-10.5,1
32,25,28.262948724815768,34.89128032318013,7.5,-10.0,1
32,26,3.617145473165983,32.62103858863839,7.5,-4.382854526834016,0
32,27,3.920691681889308,31.69430617070614,8.0,-4.079308318110693,0
32,28,3.2802792827188783,28.993352749000746,8.0,-5.219720717281122,0
32,29,3.516946576299764,23.53281719432488,8.5,-4.983053423700236,0
32,30,3.8357797687598114,14.869809624029445,8.5,-5.164220231240188,0
32,31,12.208070715140778,14.00582363870688,9.0,-10.0,1
32,32,86.71077647829983,21.616968253273118,9.0,-10.5,1
32,33,83.587520009949,28.932640555060484,9.5,-10.0,1
32,34,36.78378523124914,30.554494037960282,9.5,-10.5,1
32,35,58.37754367134902,31.677072573177377,10.0,-10.0,1
32,36,10.501628070195263,30.67195227101799,10.0,-10.5,1
32,37,3.646033357376021,28.415401695669342,10.5,-6.853966642623979,0
32,38,3.235910598313925,28.38045516547457,10.5,-7.764089401686075,0
32,39,3.3299867772367744,28.326307215881425,11.0,-7.670013222763226,0
32,40,3.279421659099762,28.326228600383008,11.0,-8.220578340900238,0
32,41,6.413740106723679,28.59176800733853,11.5,-5.086259893276321,0
32,42,13.52950895717929,29.480359849610313,11.5,-10.5,1
32,43,27.233965932392696,30.857733577858408,12.0,-10.0,1
33,0,194.26354791977155,194.26354791977155,1.0,-10.5,1
33,1,80.52615533020372,80.52615533020372,1.5,-10.0,1
33,2,85.93536886030769,85.93536886030769,1.5,-10.5,1
33,3,83.39573263541706,83.39573263541706,2.0,-10.0,1
33,4,13.804231810435564,13.804231810435564,2.0,-10.5,1
33,5,32.69401342004735,32.69401342004735,2.5,-10.0,1
33,6,10.271238148969712,10.271238148969712,2.5,-10.5,1
33,7,6.08126944458528,6.08126944458528,3.0,-10.0,1
33,8,55.58840829643263,55.58840829643263,3.0,-10.5,1
33,9,30.97729121982657,30.97729121982657,3.5,-10.0,1
33,10,51.65483564553072,51.65483564553072,3.5,-10.5,1
33,11,14.843564244431526,60.50326855612961,4.0,-10.0,1
33,12,7.129417884162811,43.34930663619882,4.0,-10.5,1
33,13,6.99026359882313,36.60851656082225,4.5,-10.0,1
33,14,14.088292546454324,30.0225345653857,4.5,-10.5,1
33,15,44.66285766090875,26.472021026055767,5.0,-10.0,1
33,16,11.948016007558644,26.30186791079205,5.0,-10.5,1
33,17,6.647147452875431,23.914238530467955,5.5,-10.0,1
33,18,7.608261899087612,23.670132374228768,5.5,-10.5,1
33,19,8.121916623184099,23.857191698933654,6.0,-10.0,1
33,20,6.643926547138131,19.37061420524833,6.0,-10.5,1
33,21,8.462225309594064,17.306733163477013,6.5,-10.0,1
33,22,5.314717187199725,13.058888971463341,6.5,-1.685282812800275,0
33,23,5.858543964445904,12.235262112464657,7.0,-1.1414560355540964,0
33,24,30.96690459248712,14.420365060727717,7.0,-10.5,1
33,25,51.45132789932257,18.495962621606832,7.5,-10.0,1
33,26,29.95618410757601,19.950519348042988,7.5,-10.5,1
33,27,6.677651639377096,16.468542129402586,8.0,-1.3223483606229038,0
33,28,6.638935995604273,15.981876461640105,8.0,-1.8610640043957272,0
33,29,6.107059058923265,15.932368358861154,8.5,-2.392940941076735,0
33,30,5.13163744967239,15.705344450998092,8.5,-3.8683625503276096,0
33,31,5.472296126000166,15.462462572089567,9.0,-3.527703873999834,0
33,32,5.060158011108382,15.317283789620172,9.0,-4.439841988891618,0
33,33,13.41803606314971,15.771566442029442,9.5,-10.0,1
33,34,5.509761409669238,15.789445495755812,9.5,-4.490238590330762,0
33,35,5.161220071298366,15.725524138883955,10.0,-4.838779928701634,0
33,36,6.2030551697307486,13.455504608464624,10.0,-4.2969448302692514,0
33,37,22.93259207393831,10.841287157804397,10.5,-10.0,1
33,38,70.38287957660471,14.547067575798694,10.5,-10.5,1
33,39,29.59460407431793,16.647788215668275,11.0,-10.0,1
33,40,7.173403187171903,16.69678104156197,11.0,-4.326596812828097,0
33,41,8.176929296243323,16.886519146649643,11.5,-3.3230707037566773,0
33,42,5.332239339387531,16.904907653206866,11.5,-6.667760660612469,0
33,43,4.779817871885559,16.84143047991303,12.0,-7.220182128114441,0
34,0,98.35925512365516,98.35925512365516,1.0,-10.5,1
34,1,67.85720041146976,67.85720041146976,1.5,-10.0,1
34,2,88.75733915956152,88.75733915956152,1.5,-10.5,1
34,3,33.802294858249006,33.802294858249006,2.0,-10.0,1
34,4,33.70608492503864,33.70608492503864,2.0,-10.5,1
34,5,21.05932261280539,21.05932261280539,2.5,-10.0,1
34,6,115.06145888762642,115.06145888762642,2.5,-10.5,1
34,7,85.997446102543,85.997446102543,3.0,-10.0,1
34,8,6.594127106555678,6.594127106555678,3.0,-10.5,1
34,9,5.989941790544453,5.989941790544453,3.5,-10.0,1
34,10,5.83571236068588,5.83571236068588,3.5,-10.5,1
34,11,6.469304800701234,52.20320307944832,4.0,-10.0,1
34,12,34.13710338264825,46.31617250318935,4.0,-10.5,1
34,13,5.867343840764369,40.633768984208025,4.5,-10.0,1
34,14,17.10760871333179,34.06587702663696,4.5,-10.5,1
34,15,6.605183822200346,31.57280851499917,5.0,-10.0,1
34,16,6.990155954502138,29.12384835936665,5.0,-10.5,1
34,17,6.032860829607449,27.74642269590684,5.5,-10.0,1
34,18,6.990110195799527,17.839882399156046,5.5,-10.5,1
34,19,47.21265693877248,14.284610059143748,6.0,-10.0,1
34,20,32.99505243154615,16.704694880601206,6.0,-10.5,1
34,21,11.310991892372106,17.192457806602075,6.5,-10.0,1
34,22,5.20359654474605,17.134513856807594,6.5,-1.7964034552539498,0
34,23,5.762068999712396,17.069683908383617,7.0,-1.2379310002876043,0
34,24,5.330545480916817,14.429082767391568,7.0,-2.1694545190831827,0
34,25,7.98757911784843,14.623437667790942,7.5,-10.0,1
34,26,23.50934495223312,15.210263489690231,7.5,-10.5,1
34,27,6.916371279362664,15.238789006596772,8.0,-1.0836287206373356,0
34,28,6.549315933888197,15.198378671373833,8.0,-1.950684066111803,0
34,29,6.322816292230135,15.224957922114243,8.5,-2.1771837077698653,0
34,30,5.914249520739133,15.126337360233707,8.5,-3.0857504792608674,0
34,31,6.854775387630921,11.426864884712396,9.0,-2.145224612369079,0
34,32,5.395837124691376,8.896936814917373,9.0,-4.104162875308624,0
34,33,26.465949209977843,10.2861412356979,9.5,-10.0,1
34,34,48.42876128030635,14.248448003124263,9.5,-10.5,1
34,35,24.080192228277653,15.927609299076076,10.0,-10.0,1
34,36,46.55897639235481,19.706882132624557,10.0,-10.5,1
34,37,14.547514357314306,20.3082095295756,10.5,-10.0,1
34,38,5.634190155603919,18.669653673217923,10.5,-5.365809844396081,0
34,39,7.236754916747365,18.699022173311523,11.0,-3.7632450832526354,0
34,40,5.824431898159935,18.63257447003643,11.0,-5.675568101840065,0
34,41,8.228048785124942,18.807220781885125,11.5,-3.271951214875058,0
34,42,5.137392795703068,18.73600891542348,11.5,-6.862607204296932,0
34,43,5.706063750291367,18.630710348667353,12.0,-6.293936249708633,0
34,44,1.0017043627022928,18.227914845485024,12.0,-11.498295637297707,0
35,0,104.83865279547904,104.83865279547904,1.0,-10.5,1
35,1,80.16937638051976,80.16937638051976,1.5,-10.0,1
35,2,203.3833750424528,203.3833750424528,1.5,-10.5,1
35,3,120.7779321624642,120.7779321624642,2.0,-10.0,1
35,4,15.161519225263318,15.161519225263318,2.0,-10.5,1
35,5,52.673627345338616,52.673627345338616,2.5,-10.0,1
35,6,5.7721235355305645,5.7721235355305645,2.5,-10.5,1
35,7,18.828478168644207,18.828478168644207,3.0,-10.0,1
35,8,72.09288951019833,72.09288951019833,3.0,-10.5,1
35,9,5.752250939377469,5.752250939377469,3.5,-10.0,1
35,10,7.933067256883252,7.933067256883252,3.5,-10.5,1
35,11,6.756091682183118,63.62944353739736,4.0,-10.0,1
35,12,25.313528202205568,56.33964044968062,4.0,-10.5,1
35,13,7.523436765100767,49.68042931826721,4.5,-10.0,1
35,14,15.7322990462697,32.479080685283755,4.5,-10.5,1
35,15,7.106644738283697,22.059212671400545,5.0,-10.0,1
35,16,8.313163128725837,21.43144669588461,5.0,-10.5,1
35,17,12.61686638129366,17.759576940847154,5.5,-10.0,1
35,18,83.24848966115016,24.86157716902895,5.5,-10.5,1
35,19,80.26955073988739,30.493675488059576,6.0,-10.0,1
35,20,20.00212675706116,25.71868890235533,6.0,-10.5,1
35,21,7.081894717278237,25.84057291532957,6.5,-10.0,1
35,22,9.252514774913475,25.96152227114901,6.5,-10.5,1
35,23,6.847837111821557,25.969932268865865,7.0,-0.15216288817844337,0
35,24,7.630005397788439,24.34894267846096,7.0,-10.5,1
35,25,7.977907105680641,24.39060245968078,7.5,-10.0,1
35,26,6.825577248724618,23.57415296157248,7.5,-1.1744227512753822,0
35,27,13.856925222292611,24.19292867260663,8.0,-10.0,1
35,28,12.784030924741137,24.602758220574703,8.0,-10.5,1
35,29,46.22784346210569,27.68376445298247,8.5,-10.0,1
35,30,12.447222112119436,21.193648260987988,8.5,-10.5,1
35,31,39.60557154515804,17.46611683480446,9.0,-10.0,1
35,32,17.854752893397666,17.269274230635308,9.0,-10.5,1
35,33,6.90128882446775,17.252718690461013,9.5,-2.59871117553225,0
35,34,7.468144570241859,17.089151421699448,9.5,-2.5318554297581413,0
35,35,6.43295339983698,17.05112041476753,10.0,-3.56704660016302,0
35,36,7.582602184376457,17.046775120204767,10.0,-2.917397815623543,0
35,37,7.747467060380082,17.025651449385546,10.5,-2.7525329396199183,0
35,38,6.605680591213713,17.00549425578038,10.5,-4.394319408786287,0
35,39,7.8123327086320575,16.451406608694832,11.0,-3.1876672913679425,0
35,40,6.940630977992933,15.915761613576244,11.0,-4.559369022007067,0
35,41,6.91800561392387,12.312359810826246,11.5,-4.58199438607613,0
35,42,6.571933192262038,11.773791659839318,11.5,-5.428066807737962,0
35,43,5.86779767925512,8.681162388798215,12.0,-6.13220232074488,0
35,44,0.7346147048807887,7.111816388184167,12.0,-11.265385295119211,0
36,0,29.77829506799785,29.77829506799785,1.0,-10.5,1
36,1,55.259423805846026,55.259423805846026,1.5,-10.0,1
36,2,90.19581190792906,90.19581190792906,1.5,-10.5,1
36,3,16.213995785945727,16.213995785945727,2.0,-10.0,1
36,4,8.791502511573956,8.791502511573956,2.0,-10.5,1
36,5,13.670655706634957,13.670655706634957,2.5,-10.0,1
36,6,34.716586835370535,34.716586835370535,2.5,-10.5,1
36,7,8.02262268608888,8.02262268608888,3.0,-10.0,1
36,8,6.139248755416455,6.139248755416455,3.0,-10.5,1
36,9,6.608231356590883,6.608231356590883,3.5,-10.0,1
36,10,15.497395633023096,15.497395633023096,3.5,-10.5,1
36,11,7.139481901157875,26.769714762411066,4.0,-10.0,1
36,12,7.663900819696869,24.74256195631682,4.0,-10.5,1
36,13,7.186648660472885,20.335890901324273,4.5,-10.0,1
36,14,68.62775348360005,18.35881887909412,4.5,-10.5,1
36,15,59.11747324287647,22.291637645979435,5.0,-10.0,1
36,16,44.77824880591946,25.590422722961108,5.0,-10.5,1
36,17,18.650680860330024,26.046925028716487,5.5,-10.0,1
36,18,68.84575874324611,29.175432453605087,5.5,-10.5,1
36,19,84.09970080157608,36.14916461419141,6.0,-10.0,1
36,20,11.814701889428122,36.66941448480915,6.0,-10.5,1
36,21,7.174871447561319,36.7213564931481,6.5,-10.0,1
36,22,6.711403372225407,35.915973869241654,6.5,-10.5,1
36,23,7.249494589445238,35.926058365667984,7.0,-10.0,1
36,24,7.464986372500217,35.90782454134163,7.0,-10.5,1
36,25,6.367309953686582,35.83271849321955,7.5,-1.1326900463134182,0
36,26,26.61998731330927,31.98200659427623,7.5,-10.5,1
36,27,42.09583669347528,30.42168991058112,8.0,-10.0,1
36,28,7.829411017216037,27.034713113283306,8.0,-0.6705889827839631,0
36,29,55.12603699743615,30.378287425851365,8.5,-10.0,1
36,30,114.19857894961764,34.53562927810209,8.5,-10.5,1
36,31,28.53068031653783,29.441802400306916,9.0,-10.0,1
36,32,4.157769834097212,28.73991696190159,9.0,-5.342230165902788,0
36,33,3.946024139746875,28.443939292018595,9.5,-5.553975860253125,0
36,34,3.592980300702629,28.15808384379567,9.5,-6.407019699297371,0
36,35,4.433977993725974,27.89999482252141,10.0,-5.566022006274026,0
36,36,4.395600505114111,27.618634451344345,10.0,-6.104399494885889,0
36,37,7.399403239043258,27.713243002502036,10.5,-3.1005967609567424,0
36,38,45.50453369130437,29.444326420484924,10.5,-10.5,1
36,39,10.449999857062846,26.54345804381379,11.0,-0.5500001429371544,0
36,40,5.337132415075746,26.314999171950927,11.0,-6.162867584924254,0
36,41,10.95232108904705,22.265741880348592,11.5,-0.5476789109529498,0
36,42,28.31430249268621,14.393016538463211,11.5,-10.5,1
36,43,36.1697812951716,15.093267461504638,12.0,-10.0,1
36,44,0.8032692539373266,14.785771574989985,12.0,-11.696730746062673,0
37,0,38.26221622749608,38.26221622749608,1.0,-10.5,1
37,1,94.95413115138015,94.95413115138015,1.5,-10.0,1
37,2,35.53260736261923,35.53260736261923,1.5,-10.5,1
37,3,15.402761083712038,15.402761083712038,2.0,-10.0,1
37,4,32.650766100918915,32.650766100918915,2.0,-10.5,1
37,5,17.84680428327886,17.84680428327886,2.5,-10.0,1
37,6,114.7752767215793,114.7752767215793,2.5,-10.5,1
37,7,4.972921132025938,4.972921132025938,3.0,-10.0,1
37,8,104.35892425378346,104.35892425378346,3.0,-10.5,1
37,9,5.525459569700451,5.525459569700451,3.5,-10.0,1
37,10,8.708976990277696,8.708976990277696,3.5,-10.5,1
37,11,55.64686050128615,48.45845632632201,4.0,-10.0,1
37,12,62.866184794575226,50.7138201116376,4.0,-10.5,1
37,13,15.746423924467814,43.4531136158373,4.5,-10.0,1
37,14,6.192502289759421,40.763603984158486,4.5,-10.5,1
37,15,6.789675540201938,39.97407114267006,5.0,-10.0,1
37,16,8.901921217120819,37.79709369498857,5.0,-10.5,1
37,17,38.35220806850269,39.67675570863409,5.5,-10.0,1
37,18,59.62346363346759,34.62117284222385,5.5,-10.5,1
37,19,5.84670437304466,34.701269639317225,6.0,-0.15329562695534005,0
37,20,5.284488301303202,25.6194463436732,6.0,-1.2155116986967984,0
37,21,4.733959041450699,25.54689212858364,6.5,-1.7660409585493007,0
37,22,5.437356630201614,25.24699359557667,6.5,-1.5626433697983861,0
37,23,5.281882680890524,20.630203962040405,7.0,-1.718117319109476,0
37,24,5.207296902253739,15.344805905244266,7.0,-2.2927030977462612,0
37,25,6.153079868676916,14.465416033463436,7.5,-1.3469201313230839,0
37,26,4.9165087588214496,14.348449959794118,7.5,-3.0834912411785504,0
37,27,4.853178999880225,14.170937776931293,8.0,-3.1468210001197754,0
37,28,6.820595443100853,13.980149580979463,8.0,-1.6794045568991471,0
37,29,17.530584964414714,12.071500796438068,8.5,-10.0,1
37,30,4.976650593067875,7.062209601068095,8.5,-4.023349406932125,0
37,31,7.351335268555118,7.200134099823218,9.0,-1.6486647314448817,0
37,32,5.290410467397353,7.200676965048515,9.0,-4.209589532602647,0
37,33,4.7357358979212805,7.200839843558319,9.5,-4.7642641020787195,0
37,34,4.605104512643973,7.124550066115536,9.5,-4.894895487356027,0
37,35,4.934625402696812,7.092718148947779,9.5,-4.565374597303188,0
37,36,4.864707522733106,7.06131412249172,9.5,-4.635292477266894,0
37,37,5.034731548712689,6.958798859828334,9.5,-4.465268451287311,0
37,38,4.88178297511139,6.955615662988244,9.5,-4.61821702488861,0
37,39,12.511302395007446,7.6576103075415745,9.5,-10.5,1
37,40,39.35271165872133,10.639720960640117,10.0,-10.0,1
37,41,55.80941615188296,14.148613819491375,10.0,-10.5,1
37,42,52.81641349596071,18.53392541892322,10.5,-10.0,1
37,43,93.79521998899766,26.457948184963783,10.5,-10.5,1
38,0,26.97311614300706,26.97311614300706,1.0,-10.5,1
38,1,79.67020373498197,79.67020373498197,1.5,-10.0,1
38,2,52.83349662162256,52.83349662162256,1.5,-10.5,1
38,3,26.57524724144869,26.57524724144869,2.0,-10.0,1
38,4,17.87776959265692,17.87776959265692,2.0,-10.5,1
38,5,52.57306068298834,52.57306068298834,2.5,-10.0,1
38,6,101.94641109256574,101.94641109256574,2.5,-10.5,1
38,7,129.4358328648278,129.4358328648278,3.0,-10.0,1
38,8,54.88318454358981,54.88318454358981,3.0,-10.5,1
38,9,4.323688017368388,4.323688017368388,3.5,-10.0,1
38,10,7.97023278013349,7.97023278013349,3.5,-10.5,1
38,11,4.672074572314519,51.30897913968799,4.0,-10.0,1
38,12,5.064032926031673,49.30064651146524,4.0,-10.5,1
38,13,4.260534619865831,42.38809350924627,4.5,-0.23946538013416863,0
38,14,3.884571842469683,37.90110873782392,4.5,-1.1154281575303169,0
38,15,4.032247719115667,35.8346671149434,5.0,-0.9677522808843326,0
38,16,49.561318406085775,38.73899242284104,5.0,-10.5,1
38,17,126.84387318121529,45.547150235178506,5.5,-10.0,1
38,18,104.15956918343085,45.75002306017447,5.5,-10.5,1
38,19,12.467108072999418,35.02788995425687,6.0,-10.0,1
38,20,91.3705654842757,38.37256654048641,6.0,-10.5,1
38,21,108.72162556646416,47.942377482486854,6.5,-10.0,1
38,22,49.66047406212434,51.763982933336,6.5,-10.5,1
38,23,17.919203379018267,52.978303073950535,7.0,-10.0,1
38,24,11.567656223210266,53.57446854285857,7.0,-10.5,1
38,25,4.166989666624512,53.565893588811456,7.5,-3.333010333375488,0
38,26,4.098773675859204,53.58552875687216,7.5,-3.9012263241407963,0
38,27,4.250574428512802,53.605542038566895,8.0,-3.7494255714871976,0
38,28,4.8803700415471845,49.50978843848418,8.0,-3.6196299584528155,0
38,29,5.570383847593961,38.393051916235564,8.5,-2.929616152406039,0
38,30,5.03110339902968,29.30627588599879,8.5,-3.9688966009703197,0
38,31,4.385797320444157,28.56548906701456,9.0,-4.614202679555843,0
38,32,4.280203995702839,20.582205930562047,9.0,-5.219796004297161,0
38,33,4.21824720225995,11.002729580509989,9.5,-5.28175279774005,0
38,34,5.961811393623036,6.99701883589737,9.5,-3.5381886063769636,0
38,35,6.490094714953315,5.949350541691417,9.5,-3.0099052850466848,0
38,36,60.49557556412018,10.43440981460816,9.5,-10.5,1
38,37,45.6120054481744,14.233536261250235,10.0,-10.0,1
38,38,43.38433839798025,17.834713027444664,10.0,-10.5,1
38,39,20.765751037301804,19.348604216583656,10.5,-10.0,1
38,40,24.926189466791268,21.186137663897696,10.5,-10.5,1
38,41,66.76163569735499,26.795335750125794,11.0,-10.0,1
38,42,45.48024481359644,30.503173713127744,11.0,-10.5,1
38,43,62.66682868052797,35.845601587802086,11.5,-10.0,1
38,44,0.8524938285361976,35.53139482247848,11.5,-11.147506171463803,0
39,0,6.797500958946704,6.797500958946704,1.0,-10.5,1
39,1,6.271513943133055,6.271513943133055,1.5,-10.0,1
39,2,7.142059176450783,7.142059176450783,1.5,-10.5,1
39,3,9.47273415400088,9.47273415400088,2.0,-10.0,1
39,4,39.610219929316656,39.610219929316656,2.0,-10.5,1
39,5,129.5053846371303,129.5053846371303,2.5,-10.0,1
39,6,126.7967340223477,126.7967340223477,2.5,-10.5,1
39,7,6.311733179701844,6.311733179701844,3.0,-10.0,1
39,8,89.2072280023416,89.2072280023416,3.0,-10.5,1
39,9,61.69273696950314,61.69273696950314,3.5,-10.0,1
39,10,7.132788641229999,7.132788641229999,3.5,-10.5,1
39,11,7.697685158885488,45.616845887523915,4.0,-10.0,1
39,12,7.405380040990311,45.67256813671125,4.0,-10.5,1
39,13,6.412796904868678,45.68551907487035,4.5,-10.0,1
39,14,6.130753464368244,45.59281605126278,4.5,-10.5,1
39,15,51.89395643314373,49.48142809351754,5.0,-10.0,1
39,16,72.155451888964,52.46474102315188,5.0,-10.5,1
39,17,96.3911527143254,49.42926976356143,5.5,-10.0,1
39,18,65.48241153657638,43.80879020236572,5.5,-10.5,1
39,19,57.76893853173773,48.525700692969025,6.0,-10.0,1
39,20,8.399012622747215,41.11828094983953,6.0,-10.5,1
39,21,6.604399154383168,36.06851665012019,6.5,-10.0,1
39,22,6.953011043567516,36.052037037001135,6.5,-10.5,1
39,23,7.067430228889469,35.994263668418164,7.0,-10.0,1
39,24,7.451783842191616,35.99851735019496,7.0,-10.5,1
39,25,6.839135205358045,36.037598361073144,7.5,-0.660864794641955,0
39,26,8.163279250309484,36.223913224784425,7.5,-10.5,1
39,27,6.340837558815712,32.04821066130437,8.0,-1.6591624411842876,0
39,28,6.443644107307868,26.024628281319217,8.0,-2.0563558926921317,0
39,29,44.06319371469081,21.227898706352715,8.5,-10.0,1
39,30,101.12707795392537,24.49532646127637,8.5,-10.5,1
39,31,70.17159960647619,25.63223705979406,9.0,-10.0,1
39,32,81.53542915615903,32.33640857535681,9.0,-10.5,1
39,33,7.077088958412752,32.37973847405952,9.5,-2.4229110415872483,0
39,34,37.5523950968447,35.184682012276596,9.5,-10.5,1
39,35,7.591954811873251,35.23276343238345,10.0,-2.4080451881267493,0
39,36,5.708554602643056,35.07296741875816,10.0,-4.791445397356944,0
39,37,15.97989517690298,35.910870416149784,10.5,-10.0,1
39,38,6.092109148754084,35.72101315684053,10.5,-4.907890851245916,0
39,39,6.464089800509927,35.73231127899584,11.0,-4.535910199490073,0
39,40,6.009724996331654,35.692535360489686,11.0,-5.490275003668346,0
39,41,6.273180074962449,32.22845077684793,11.5,-5.226819925037551,0
39,42,5.836491375191709,23.493480340463996,11.5,-6.163508624808291,0
39,43,48.110601393060165,21.47122217090086,12.0,-10.0,1
39,44,0.7976489162123319,14.070258982239082,12.0,-11.702351083787669,0
40,0,182.4392132491365,182.4392132491365,1.0,-10.5,1
40,1,169.58974260626647,169.58974260626647,1.5,-10.0,1
40,2,91.62008756531066,91.62008756531066,1.5,-10.5,1
40,3,29.61704977634192,29.61704977634192,2.0,-10.0,1
40,4,22.71371475775081,22.71371475775081,2.0,-10.5,1
40,5,56.13247161513071,56.13247161513071,2.5,-10.0,1
40,6,64.41385636943531,64.41385636943531,2.5,-10.5,1
40,7,12.690665658819388,12.690665658819388,3.0,-10.0,1
40,8,72.60891929056903,72.60891929056903,3.0,-10.5,1
40,9,8.183903733790736,8.183903733790736,3.5,-10.0,1
40,10,6.037552380346741,6.037552380346741,3.5,-10.5,1
40,11,33.6044260541189,68.7180636135599,4.0,-10.0,1
40,12,16.103136903892192,53.470589948579175,4.0,-10.5,1
40,13,13.699280148258666,39.18063088992847,4.5,-10.0,1
40,14,10.83066340420046,31.774933675160028,4.5,-10.5,1
40,15,5.80516270216174,29.592177360026845,5.0,-10.0,1
40,16,38.39439305923923,31.029572870996613,5.0,-10.5,1
40,17,59.8812607408067,31.373211874183582,5.5,-10.0,1
40,18,66.02898133772058,31.521264996276397,5.5,-10.5,1
40,19,8.26547024520874,31.115622083362087,6.0,-10.0,1
40,20,47.61599289014602,28.824603829989986,6.0,-10.5,1
40,21,70.6494470575457,34.55061196800085,6.5,-10.0,1
40,22,33.998693844842364,37.113716602246285,6.5,-10.5,1
40,23,6.627940753023765,34.640872116312565,7.0,-0.37205924697623516,0
40,24,6.808481824470317,33.788862067365564,7.0,-0.6915181755296826,0
40,25,42.50814178181141,36.42967438377457,7.5,-10.0,1
40,26,103.59630431924856,44.93319146765397,7.5,-10.5,1
40,27,8.655155926857434,45.19444084658442,8.0,-10.0,1
40,28,7.257179606355031,42.340196280070025,8.0,-1.242820393644969,0
40,29,7.694853830272073,37.55644231327101,8.5,-0.8051461697279274,0
40,30,42.53670116275698,35.40298329723269,8.5,-10.5,1
40,31,6.502355908719089,35.24136448305447,9.0,-2.497644091280911,0
40,32,52.76975481764728,35.71379265974208,9.0,-10.5,1
40,33,7.3044512441608545,29.907168043515142,9.5,-2.1955487558391455,0
40,34,6.677232804107077,27.402700781447738,9.5,-3.322767195892923,0
40,35,6.6728302888705,27.40681565556703,10.0,-3.3271697111294998,0
40,36,6.887009859439275,27.414014058772512,10.0,-3.6129901405607248,0
40,37,8.011058327017185,24.251781408749704,10.5,-2.488941672982815,0
40,38,8.874019803128597,15.568905328105378,10.5,-2.125980196871403,0
40,39,17.30290974227784,16.361616094518915,11.0,-10.0,1
40,40,6.820953997475113,16.321628747038258,11.0,-4.679046002524887,0
40,41,7.572458543433185,16.31040917907802,11.5,-3.927541456566815,0
40,42,5.297321050809644,12.89679933548285,11.5,-6.702678949190356,0
40,43,6.323516547410944,12.88040572736294,12.0,-5.676483452589056,0
40,44,0.871074799906727,8.12302672573672,12.0,-11.128925200093272,0
41,0,182.9396852429775,182.9396852429775,1.0,-10.5,1
41,1,132.15220600289544,132.15220600289544,1.5,-10.0,1
41,2,42.42758740217919,42.42758740217919,1.5,-10.5,1
41,3,6.692932520916996,6.692932520916996,2.0,-10.0,1
41,4,7.407708164833965,7.407708164833965,2.0,-10.5,1
41,5,32.766322023418255,32.766322023418255,2.5,-10.0,1
41,6,91.04938634480108,91.04938634480108,2.5,-10.5,1
41,7,4.061101456955739,4.061101456955739,3.0,-10.0,1
41,8,3.682207388965292,3.682207388965292,3.0,-10.5,1
41,9,3.92018079548531,3.92018079548531,3.5,-10.0,1
41,10,4.265138454066415,4.265138454066415,3.5,-10.5,1
41,11,25.205605622822137,49.18558896352909,4.0,-10.0,1
41,12,7.794806629874656,33.13064175732799,4.0,-10.5,1
41,13,7.126534052670566,21.669955161890712,4.5,-10.0,1
41,14,9.325674820767246,18.635613175261284,4.5,-10.5,1
41,15,4.9627015201753135,18.47700866685996,5.0,-0.03729847982468648,0
41,16,31.134005112096236,20.651919220359005,5.0,-10.5,1
41,17,95.07119269943506,26.36319903232721,5.5,-10.0,1
41,18,75.12983327686226,24.903906667766154,5.5,-10.5,1
41,19,2.9110580111075737,24.79848601856341,6.0,-3.0889419888924263,0
41,20,4.385969851694247,24.862997577646894,6.0,-2.114030148305753,0
41,21,3.9608085854294983,24.866721791725116,6.5,-2.5391914145705017,0
41,22,3.738525657444426,24.818448952034764,6.5,-3.261474342555574,0
41,23,66.07971168433433,28.56524200767338,7.0,-10.0,1
41,24,29.61583580760908,30.565503015632373,7.0,-10.5,1
41,25,6.0445217901016814,30.46631855823022,7.5,-1.4554782098983186,0
41,26,4.008496448376932,29.97891054076111,7.5,-3.991503551623068,0
41,27,4.376260760502031,29.925153471124396,8.0,-3.6237392394979686,0
41,28,5.299166685990152,27.556959948731336,8.0,-3.2008333140098477,0
41,29,4.135042269883469,19.22114615935577,8.5,-4.364957730116531,0
41,30,4.74681803597419,12.769369762274366,8.5,-4.25318196402581,0
41,31,3.8713200689006326,12.85739378423873,9.0,-5.128679931099367,0
41,32,3.8876572093325352,12.811715125355574,9.0,-5.612342790667465,0
41,33,4.741798244204504,12.883305844076615,9.5,-4.758201755795496,0
41,34,3.6010076391593246,12.870700025733816,9.5,-6.398992360840675,0
41,35,64.98983879042224,12.770795010458539,10.0,-10.0,1
41,36,6.0631216956174985,10.611796216859311,10.0,-4.4368783043825015,0
41,37,4.212755498553204,10.4438843068007,10.5,-6.287244501446796,0
41,38,84.13049283142779,17.788400641913697,10.5,-10.5,1
41,39,4.94555897889541,17.840586311933087,11.0,-6.05444102110459,0
41,40,5.298118756174618,17.8404902517,11.0,-6.201881243825382,0
41,41,4.654150387976873,17.888075162525226,11.5,-6.845849612023127,0
41,42,4.920773277672145,17.904021059680876,11.5,-7.079226722327855,0
41,43,10.65641360303907,18.525987966976896,12.0,-1.34358639696093,0
42,0,88.28237920560719,88.28237920560719,1.0,-10.5,1
42,1,63.75302927481236,63.75302927481236,1.5,-10.0,1
42,2,17.423546108171628,17.423546108171628,1.5,-10.5,1
42,3,30.17738381696562,30.17738381696562,2.0,-10.0,1
42,4,126.8419555216964,126.8419555216964,2.0,-10.5,1
42,5,91.2252302244727,91.2252302244727,2.5,-10.0,1
42,6,106.99767410408305,106.99767410408305,2.5,-10.5,1
42,7,23.44419781528208,23.44419781528208,3.0,-10.0,1
42,8,115.30029331460727,115.30029331460727,3.0,-10.5,1
42,9,66.47633981738596,66.47633981738596,3.5,-10.0,1
42,10,5.59117871262964,5.59117871262964,3.5,-10.5,1
42,11,5.140167466289245,67.89322607668362,4.0,-10.0,1
42,12,4.751505571858036,60.23622932692329,4.0,-10.5,1
42,13,5.102677677824957,54.85994709719944,4.5,-10.0,1
42,14,56.41678624200702,58.43432744280102,4.5,-10.5,1
42,15,82.57757173713748,63.237678002150105,5.0,-10.0,1
42,16,11.43302950750452,52.658526450849195,5.0,-10.5,1
42,17,16.59883773331584,45.81777380582647,5.5,-10.0,1
42,18,10.237184346583128,36.94806224472232,5.5,-10.5,1
42,19,22.014872724193992,36.81704077803924,6.0,-10.0,1
42,20,25.74693012033907,28.607982485231318,6.0,-10.5,1
42,21,19.427675009826338,24.295188211205016,6.5,-10.0,1
42,22,5.51430914997551,24.288141834628387,6.5,-1.4856908500244899,0
42,23,5.196001894143423,24.29325999051502,7.0,-1.8039981058565768,0
42,24,4.580007595972988,24.277539342725557,7.0,-2.9199924040270124,0
42,25,4.447265308509465,24.217459875538303,7.5,-3.052734691490535,0
42,26,4.686844865944784,19.4755485827326,7.5,-3.313155134055216,0
42,27,5.3166121901979135,12.393293957596471,8.0,-2.6833878098020865,0
42,28,5.753620201948026,11.87268143792046,8.0,-2.746379798051974,0
42,29,5.200875879772422,10.827868268012315,8.5,-3.299124120227578,0
42,30,4.901001745460619,10.338718196242752,8.5,-4.098998254539381,0
42,31,4.772261455448433,8.75814549660774,9.0,-4.227738544551567,0
42,32,4.4707205620807615,6.807826287100729,9.0,-4.5292794379192385,0
42,33,6.101725072754797,5.586280876202505,9.0,-2.898274927245203,0
42,34,4.332114510475581,5.477913034248345,9.0,-4.667885489524419,0
42,35,4.665804525915653,5.429311608827466,9.0,-4.334195474084347,0
42,36,6.961951748665117,5.647656489490911,9.0,-2.0380482513348834,0
42,37,4.405097899112899,5.643791143629558,9.0,-4.594902100887101,0
42,38,4.53487231323584,5.629860326297906,9.0,-4.46512768676416,0
42,39,37.28280899723655,8.56009503360978,9.0,-10.5,1
42,40,97.86469850800088,17.00361054499796,9.5,-10.0,1
42,41,92.47092873372904,25.00336538994398,9.5,-10.5,1
42,42,68.87829376158017,30.867950491421613,10.0,-10.0,1
42,43,65.07904193487182,36.39607203536876,10.0,-10.5,1
42,44,0.5816806090993889,36.03957670634546,10.5,-9.918319390900612,0
43,0,169.98081500314424,169.98081500314424,1.0,-10.5,1
43,1,162.5301422982606,162.5301422982606,1.5,-10.0,1
43,2,126.09852130572952,126.09852130572952,1.5,-10.5,1
43,3,48.13829128441383,48.13829128441383,2.0,-10.0,1
43,4,28.079426078453903,28.079426078453903,2.0,-10.5,1
43,5,56.83765991741162,56.83765991741162,2.5,-10.0,1
43,6,4.988950304771167,4.988950304771167,2.5,-10.5,1
43,7,5.998888495959429,5.998888495959429,3.0,-10.0,1
43,8,4.403766477331862,4.403766477331862,3.0,-10.5,1
43,9,4.053780341843506,4.053780341843506,3.5,-10.0,1
43,10,50.4323844324748,50.4323844324748,3.5,-10.5,1
43,11,15.134605240799994,62.028746191554504,4.0,-10.0,1
43,12,4.102506991164971,46.82323462378973,4.0,-10.5,1
43,13,5.026590422152079,32.385409035146445,4.5,-10.0,1
43,14,4.91371435590265,21.27680173141232,4.5,-10.5,1
43,15,5.657784215988636,17.382755250140008,5.0,-10.0,1
43,16,7.810584784586108,15.52477813153546,5.0,-10.5,1
43,17,4.290164391828904,10.707924375023712,5.5,-1.2098356081710957,0
43,18,57.10288536125942,15.485035088535136,5.5,-10.5,1
43,19,24.02131405776741,17.1370907650342,6.0,-10.0,1
43,20,23.443873609384543,18.88243391880569,6.0,-10.5,1
43,21,6.08578676654602,19.068701174403426,6.5,-0.41421323345397987,0
43,22,4.769950741448711,14.882978086059367,6.5,-2.230049258551289,0
43,23,6.294950576933772,14.072676408538294,7.0,-0.7050494230662281,0
43,24,4.7469259929621765,14.13174815036971,7.0,-2.7530740070378235,0
43,25,5.809681792799928,14.203531526012428,7.5,-1.6903182072000718,0
43,26,21.45286830682129,15.719620638179972,7.5,-10.5,1
43,27,43.14366682782404,19.155826544264883,8.0,-10.0,1
43,28,18.87038750686632,20.16964179380723,8.0,-10.5,1
43,29,51.25952666845813,24.475166669164913,8.5,-10.0,1
43,30,20.811679716908927,21.148472818432783,8.5,-10.5,1
43,31,6.40955059572429,19.534061167745502,9.0,-2.5904494042757102,0
43,32,7.06864921891696,18.032998931952637,9.0,-2.43135078108304,0
43,33,12.647816454704586,18.634518320033838,9.5,-10.0,1
43,34,5.702208310889721,18.719975263899265,9.5,-4.297791689110279,0
43,35,5.635952144670554,18.659567074275135,10.0,-4.364047855329446,0
43,36,6.219946517177923,18.79459395566158,10.0,-4.280053482822077,0
43,37,28.375850851972743,20.86315945275242,10.5,-10.0,1
43,38,30.033473777858656,21.64971495426418,10.5,-10.5,1
43,39,104.355340629179,27.260785052721722,11.0,-10.0,1
43,40,101.00046602649452,34.78937558368763,11.0,-10.5,1
43,41,88.78615548355036,38.22931655840443,11.5,-10.0,1
43,42,97.75960057001224,45.28287596993889,11.5,-10.5,1
43,43,74.84757897726365,51.55636190491334,12.0,-10.0,1
44,0,137.57201624101205,137.57201624101205,1.0,-10.5,1
44,1,29.396862127398247,29.396862127398247,1.5,-10.0,1
44,2,24.846343830637974,24.846343830637974,1.5,-10.5,1
44,3,9.3060421769125,9.3060421769125,2.0,-10.0,1
44,4,7.67337835724029,7.67337835724029,2.0,-10.5,1
44,5,53.10053840539903,53.10053840539903,2.5,-10.0,1
44,6,102.89328669742774,102.89328669742774,2.5,-10.5,1
44,7,66.76931676466342,66.76931676466342,3.0,-10.0,1
44,8,160.58854748477202,160.58854748477202,3.0,-10.5,1
44,9,33.54983412295423,33.54983412295423,3.5,-10.0,1
44,10,7.24633925093216,7.24633925093216,3.5,-10.5,1
44,11,7.157463102201362,58.67583045147553,4.0,-10.0,1
44,12,20.616879274985585,47.95494289625642,4.0,-10.5,1
44,13,6.347594848657027,45.84209339570515,4.5,-10.0,1
44,14,8.251905651450299,44.320936562612935,4.5,-10.5,1
44,15,6.424592028358179,44.05680363232879,5.0,-10.0,1
44,16,6.352787522504981,43.93574947247805,5.0,-10.5,1
44,17,21.07050453087479,40.999663033980006,5.5,-10.0,1
44,18,74.7630542694757,38.421058394751064,5.5,-10.5,1
44,19,61.08639450115432,37.900123853929394,6.0,-10.0,1
44,20,10.90592973369306,24.17921722674716,6.0,-10.5,1
44,21,7.178468622690198,21.76184205588962,6.5,-10.0,1
44,22,6.308718561369291,21.675893492679688,6.5,-0.6912814386307087,0
44,23,6.772576064003249,21.640612180844865,7.0,-0.22742393599675115,0
44,24,7.363735296872268,20.425740649517813,7.0,-10.5,1
44,25,19.264567696973508,21.60979649394682,7.5,-10.0,1
44,26,7.103672110348998,21.504541752679206,7.5,-0.8963278896510021,0
44,27,6.225325048124003,21.486275612824404,8.0,-1.7746749518759968,0
44,28,6.195160602960083,21.47182647853279,8.0,-2.304839397039917,0
44,29,6.676888170937926,20.152411645538574,8.5,-1.823111829062074,0
44,30,6.194059715979157,13.866920478134723,8.5,-2.805940284020843,0
44,31,8.698087652971253,9.064659017051275,9.0,-0.3019123470287468,0
44,32,6.447876753875338,8.656004160567983,9.0,-3.052123246124662,0
44,33,26.910977951913043,10.464817515746743,9.5,-10.0,1
44,34,42.778874330253295,13.807915127894445,9.5,-10.5,1
44,35,36.91302828506639,16.570789914825234,10.0,-10.0,1
44,36,63.08559428049366,21.67862698832386,10.0,-10.5,1
44,37,47.96144432715546,24.309174012757207,10.5,-10.0,1
44,38,64.57901305048048,29.577746932269264,10.5,-10.5,1
44,39,13.093976406984975,30.20737330683152,11.0,-10.0,1
44,40,6.243622705661201,30.21181566624579,11.0,-5.256377294338799,0
44,41,26.257154584767765,32.00667342084685,11.5,-10.0,1
44,42,5.396961527766586,31.933606086927362,11.5,-6.603038472233414,0
44,43,7.297692086559899,31.80523649333966,12.0,-4.702307913440101,0
44,44,1.4102310643615217,31.343452305134228,12.0,-11.089768935638478,0
45,0,77.87985442455147,77.87985442455147,1.0,-10.5,1
45,1,72.54773164401963,72.54773164401963,1.5,-10.0,1
45,2,23.833714251661323,23.833714251661323,1.5,-10.5,1
45,3,4.375182449523063,4.375182449523063,2.0,-10.0,1
45,4,7.641667588577102,7.641667588577102,2.0,-10.5,1
45,5,62.59031553468692,62.59031553468692,2.5,-10.0,1
45,6,34.54251594796403,34.54251594796403,2.5,-10.5,1
45,7,4.480777663894969,4.480777663894969,3.0,-10.0,1
45,8,4.149391109020439,4.149391109020439,3.0,-10.5,1
45,9,4.121431137303051,4.121431137303051,3.5,-10.0,1
45,10,10.067840310441111,10.067840310441111,3.5,-10.5,1
45,11,4.568212882895922,28.48987486991608,4.0,-10.0,1
45,12,5.601009262738461,21.864314063416554,4.0,-10.5,1
45,13,57.634474332573554,20.497265476534,4.5,-10.0,1
45,14,21.941864084267404,20.323845877856222,4.5,-10.5,1
45,15,5.902492391321184,20.463849289187717,5.0,-10.0,1
45,16,7.771335928803406,20.475735553708457,5.0,-10.5,1
45,17,4.029179599230941,15.10763142629166,5.5,-1.4708204007690586,0
45,18,55.42910101846025,17.022235057753814,5.5,-10.5,1
45,19,5.454806152118489,17.111521002507637,6.0,-0.545193847881511,0
45,20,57.24636392264095,21.97874351042285,6.0,-10.5,1
45,21,94.3179760072889,30.246760123504888,6.5,-10.0,1
45,22,48.17199433245534,33.73964090885619,6.5,-10.5,1
45,23,4.540768132994932,33.73712514011527,7.0,-2.4592318670050677,0
45,24,4.597388578530445,33.645126577396205,7.0,-2.9026114214695546,0
45,25,4.760270195768574,28.798324531522407,7.5,-2.739729804231426,0
45,26,4.568171310362911,27.20573602724783,7.5,-3.431828689637089,0
45,27,5.126595605755668,27.13461215523766,8.0,-2.873404394244332,0
45,28,25.14784567798227,28.72745888224572,8.0,-10.5,1
45,29,10.243212602428972,29.297078574205546,8.5,-10.0,1
45,30,4.34644605494911,24.614501869217023,8.5,-4.65355394505089,0
45,31,4.431162172403538,24.52066783774316,9.0,-4.568837827596462,0
45,32,4.31916936983008,19.669008337068817,9.0,-5.18083063016992,0
45,33,4.291752344863156,11.416604501346459,9.5,-5.208247655136844,0
45,34,4.242171541219145,7.389704078816475,9.5,-5.257828458780855,0
45,35,4.8925077630511,7.421946878238289,9.5,-4.6074922369489,0
45,36,4.41146829445976,7.404904185531811,9.5,-5.08853170554024,0
45,37,4.25094119441825,7.358215693741363,9.5,-5.24905880558175,0
45,38,5.051371172466423,7.402509014434186,9.5,-4.448628827533577,0
45,39,5.9881665374107405,7.481486349835899,9.5,-3.5118334625892595,0
45,40,65.8800704569352,11.21527362123992,9.5,-10.5,1
45,41,99.8017427454524,19.42480555101707,10.0,-10.0,1
45,42,123.86838752186485,30.380983518817676,10.0,-10.5,1
45,43,90.41611951778012,38.26293794214387,10.5,-10.0,1
45,44,1.275581018799164,37.98394234329937,10.5,-9.724418981200836,0
46,0,189.24392673588576,189.24392673588576,1.0,-10.5,1
46,1,108.77425258419844,108.77425258419844,1.5,-10.0,1
46,2,32.262655980273166,32.262655980273166,1.5,-10.5,1
46,3,13.46426636116651,13.46426636116651,2.0,-10.0,1
46,4,9.67851841694348,9.67851841694348,2.0,-10.5,1
46,5,39.43600803604247,39.43600803604247,2.5,-10.0,1
46,6,16.342293119013785,16.342293119013785,2.5,-10.5,1
46,7,6.909511364007663,6.909511364007663,3.0,-10.0,1
46,8,8.147412363333402,8.147412363333402,3.0,-10.5,1
46,9,6.973783827444706,6.973783827444706,3.5,-10.0,1
46,10,5.755853610469208,5.755853610469208,3.5,-10.5,1
46,11,5.5569279915113405,40.56666261910991,4.0,-10.0,1
46,12,6.150200743833017,23.78307106983841,4.0,-10.5,1
46,13,4.705444065056191,14.243430288917038,4.5,-10.0,1
46,14,69.14518477492334,17.624328761759966,4.5,-10.5,1
46,15,27.62585053025144,18.922473977259422,5.0,-10.0,1
46,16,44.41780423986344,22.106908511027083,5.0,-10.5,1
46,17,7.842653082810783,19.210850973647513,5.5,-10.0,1
46,18,16.946044936537,19.266194890253807,5.5,-10.5,1
46,19,6.887163014907328,19.26414629158628,6.0,-10.0,1
46,20,7.053613678853424,19.163881412175613,6.0,-10.5,1
46,21,7.420980961198307,19.20487448276969,6.5,-10.0,1
46,22,6.388841151475988,19.262898340695315,6.5,-0.6111588485240116,0
46,23,46.93579344172602,23.055961006964996,7.0,-10.0,1
46,24,24.286497634262968,24.718454888587736,7.0,-10.5,1
46,25,6.830189436261479,24.913223214281558,7.5,-0.6698105637385208,0
46,26,13.514538262642604,19.813747283989162,7.5,-10.5,1
46,27,7.001487989683078,17.923180717770393,8.0,-0.9985120103169223,0
46,28,6.696292292899075,14.465375455965328,8.0,-1.8037077071009247,0
46,29,6.069424461104476,14.302829498975582,8.5,-2.430575538895524,0
46,30,5.900998518767519,13.290366910680044,8.5,-3.099001481232481,0
46,31,6.313775114754387,13.237806353166023,9.0,-2.686224885245613,0
46,32,6.064416477061787,13.147129943001788,9.0,-3.435583522938213,0
46,33,5.355548971444869,12.957798677274392,9.5,-4.144451028555131,0
46,34,6.690103303080264,12.985414374504785,9.5,-3.3098966969197363,0
46,35,9.579754003156838,9.561110759302608,10.0,-0.4202459968431622,0
46,36,5.570818114653925,7.845506803338444,10.0,-4.429181885346075,0
46,37,5.655544543987976,7.7378310215467065,10.0,-4.344455456012024,0
46,38,12.736755051025137,7.666534227148438,10.0,-10.0,1
46,39,8.731438722217913,7.825113044297466,10.0,-1.2685612777820872,0
46,40,24.980871729026138,9.501199492609112,10.0,-10.5,1
46,41,48.29690162575192,13.372051566035127,10.5,-10.0,1
46,42,45.91669450590351,17.040157031522597,10.5,-10.5,1
46,43,118.97389329898677,27.367334531743897,11.0,-10.0,1
46,44,0.1016264919211752,26.82074544977268,11.0,-11.398373508078825,0
47,0,203.72421602164565,203.72421602164565,1.0,-10.5,1
47,1,62.283051773157474,62.283051773157474,1.5,-10.0,1
47,2,22.402451862813948,22.402451862813948,1.5,-10.5,1
47,3,8.904615303392063,8.904615303392063,2.0,-10.0,1
47,4,7.557489128080863,7.557489128080863,2.0,-10.5,1
47,5,29.07692036946483,29.07692036946483,2.5,-10.0,1
47,6,7.846175701068367,7.846175701068367,2.5,-10.5,1
47,7,2.995633941484892,2.995633941484892,3.0,-0.004366058515107962,0
47,8,8.876477945753377,8.876477945753377,3.0,-10.5,1
47,9,2.6084972863786486,2.6084972863786486,3.5,-0.8915027136213514,0
47,10,104.86341990381358,104.86341990381358,3.5,-10.5,1
47,11,25.72275217020944,44.62898929566579,4.0,-10.0,1
47,12,4.13122692342944,26.33296529499597,4.0,-10.5,1
47,13,24.690996441976928,22.887026889637752,4.5,-10.0,1
47,14,3.9333781361141664,21.194028464690273,4.5,-1.0666218638858336,0
47,15,6.4941304642128985,20.97306735443218,5.0,-10.0,1
47,16,26.04356215605609,22.66762404866324,5.0,-10.5,1
47,17,20.89472841854759,21.91758978649583,5.5,-10.0,1
47,18,88.2453434894258,29.2875135004286,5.5,-10.5,1
47,19,24.67941047347981,31.27519301586147,6.0,-10.0,1
47,20,4.167684435825598,30.843553610784756,6.0,-2.332315564174402,0
47,21,5.4614028325084645,31.105069952513315,6.5,-1.0385971674915355,0
47,22,24.669189930660743,23.753932204974312,6.5,-10.5,1
47,23,10.84328305068146,22.38998086901758,7.0,-10.0,1
47,24,3.52992915622954,22.33486190702425,7.0,-3.97007084377046,0
47,25,4.236301875596924,20.459848238439417,7.5,-3.263698124403076,0
47,26,16.946835099102252,21.65274846004666,7.5,-10.5,1
47,27,5.493767304430769,21.5610485037333,8.0,-2.5062326955692313,0
47,28,4.704694178611237,19.604985605800852,8.0,-3.795305821388763,0
47,29,3.992241242342222,18.055590947982026,8.5,-4.507758757657777,0
47,30,3.687954102651764,10.304496920861071,8.5,-5.312045897348236,0
47,31,25.16907218374099,10.349382577635014,9.0,-10.0,1
47,32,4.082414237028042,10.341566142745238,9.0,-5.417585762971958,0
47,33,16.404954818760075,11.344725074818303,9.5,-10.0,1
47,34,4.768836922231353,9.520526049045609,9.5,-5.231163077768647,0
47,35,9.820239387594338,9.426747046595956,10.0,-0.1797606124056621,0
47,36,3.535465301922164,9.427254526617778,10.0,-6.964534698077836,0
47,37,3.856923349089024,9.392478161687889,10.5,-6.6430766509109755,0
47,38,4.315808014739227,8.234634012287946,10.5,-6.184191985260773,0
47,39,4.6345763685672905,8.155874843167128,10.5,-5.8654236314327095,0
47,40,5.074564013407381,8.189779578023439,10.5,-5.425435986592619,0
47,41,3.958378306612974,8.186675475581591,10.5,-6.541621693387026,0
47,42,3.614024798277884,8.179898622680652,10.5,-6.8859752017221165,0
47,43,3.55105155064095,6.198246731313147,10.5,-6.94894844935905,0
47,44,0.7110850244789727,5.889208220162816,10.5,-9.788914975521028,0
48,0,116.24261950422049,116.24261950422049,1.0,-10.5,1
48,1,198.6060988931756,198.6060988931756,1.5,-10.0,1
48,2,112.85052484631709,112.85052484631709,1.5,-10.5,1
48,3,16.53634328344149,16.53634328344149,2.0,-10.0,1
48,4,9.922581968321389,9.922581968321389,2.0,-10.5,1
48,5,7.643496036130132,7.643496036130132,2.5,-10.0,1
48,6,7.9666878519848625,7.9666878519848625,2.5,-10.5,1
48,7,7.771063752479359,7.771063752479359,3.0,-10.0,1
48,8,41.32597489608399,41.32597489608399,3.0,-10.5,1
48,9,36.17650655521647,36.17650655521647,3.5,-10.0,1
48,10,6.8589295826071,6.8589295826071,3.5,-10.5,1
48,11,6.466950279437181,52.100379599529724,4.0,-10.0,1
48,12,7.19204346863244,42.104076796267485,4.0,-10.5,1
48,13,7.408126283856396,24.577595973746558,4.5,-10.0,1
48,14,44.46391887179968,18.308823759415798,4.5,-10.5,1
48,15,10.646489642046474,17.76892050895459,5.0,-10.0,1
48,16,7.9864504353397985,17.59144178509794,5.0,-10.5,1
48,17,7.2924574301328144,17.559263246214858,5.5,-10.0,1
48,18,7.386195193694384,17.506051419204894,5.5,-10.5,1
48,19,8.249662639969541,17.549922983891495,6.0,-10.0,1
48,20,8.263294448870457,14.519177276230252,6.0,-10.5,1
48,21,11.416085982282969,12.249472057044681,6.5,-10.0,1
48,22,7.812193226579703,12.336854557742168,6.5,-10.5,1
48,23,7.145237116708206,12.39903085115868,7.0,-10.0,1
48,24,7.203143436710968,12.400048348232545,7.0,-10.5,1
48,25,7.770932728201144,12.433305605630814,7.5,-10.0,1
48,26,15.049812752790803,9.737012544721667,7.5,-10.5,1
48,27,40.89508708787642,12.509800643922745,8.0,-10.0,1
48,28,8.051749786893792,12.515786417815196,8.0,-10.5,1
48,29,8.304810731722648,12.608585470460929,8.5,-0.1951892682773515,0
48,30,7.695660230362429,12.636953098822167,8.5,-1.3043397696375711,0
48,31,9.372159849869956,12.73984867639637,9.0,-10.0,1
48,32,37.5523713212896,15.424680723034795,9.0,-10.5,1
48,33,8.437467154791754,15.151640663848097,9.5,-1.0625328452082456,0
48,34,14.432201145710913,15.758474723101793,9.5,-10.5,1
48,35,126.79363590880646,26.726244612377467,10.0,-10.0,1
48,36,30.559793659453344,28.867270882795516,10.0,-10.5,1
48,37,74.5603209456048,34.98963146939085,10.5,-10.0,1
48,38,8.301839327952646,34.37106723878069,10.5,-2.6981606720473543,0
48,39,32.16803608761755,33.571087563756954,11.0,-10.0,1
48,40,8.085076696028583,33.57414253042764,11.0,-3.414923303971417,0
48,41,7.769793281992406,33.525099264202375,11.5,-3.7302067180075937,0
48,42,7.474902622517581,33.50486315014993,11.5,-4.525097377482419,0
48,43,7.78936633149269,33.359773744298685,12.0,-4.21063366850731,0
48,44,0.6626067248404061,29.978211989624178,12.0,-11.837393275159593,0
49,0,102.85313391620284,102.85313391620284,1.0,-10.5,1
49,1,133.581333473869,133.581333473869,1.5,-10.0,1
49,2,98.10067757099604,98.10067757099604,1.5,-10.5,1
49,3,136.5890194600768,136.5890194600768,2.0,-10.0,1
49,4,78.86956154112615,78.86956154112615,2.0,-10.5,1
49,5,108.749883966035,108.749883966035,2.5,-10.0,1
49,6,73.69728440164563,73.69728440164563,2.5,-10.5,1
49,7,32.091354496391695,32.091354496391695,3.0,-10.0,1
49,8,4.107803941246638,4.107803941246638,3.0,-10.5,1
49,9,15.90962149010634,15.90962149010634,3.5,-10.0,1
49,10,96.66801716622597,96.66801716622597,3.5,-10.5,1
49,11,27.74572901895401,83.3216468739303,4.0,-10.0,1
49,12,4.974996311644738,74.34948426017914,4.0,-10.5,1
49,13,16.661010192872393,63.631787959421125,4.5,-10.0,1
49,14,83.09754072356779,62.25650041507353,4.5,-10.5,1
49,15,6.917556080268373,50.36994960525777,5.0,-10.0,1
49,16,4.313404365833104,43.535635197522566,5.0,-1.1865956341668964,0
49,17,6.457763913432003,34.15885752603396,5.5,-10.0,1
49,18,16.992717426321107,28.960938886629222,5.5,-10.5,1
49,19,3.55198809148622,26.344830299512882,6.0,-2.44801190851378,0
49,20,7.9459130404294305,26.69665696693798,6.0,-10.5,1
49,21,7.466861671428197,25.922737316892476,6.5,-10.0,1
49,22,4.488099097211553,17.472911493899485,6.5,-2.5119009027884474,0
49,23,3.855900214136781,15.283010520124568,7.0,-3.144099785863219,0
49,24,3.870438983312861,15.181759431694148,7.0,-3.629561016687139,0
49,25,3.70198985792186,13.993849234323683,7.5,-3.79801014207814,0
49,26,4.172191162612114,6.759025524569414,7.5,-3.8278088373878862,0
49,27,4.737538928456791,6.559190618986684,8.0,-3.2624610715432087,0
49,28,3.736652402357778,6.506321689001447,8.0,-4.7633475976422215,0
49,29,78.79184072550977,13.136945396775245,8.5,-10.0,1
49,30,103.41466455648936,21.058957217040668,8.5,-10.5,1
49,31,90.07353145866796,28.99009869236566,9.0,-10.0,1
49,32,87.78424148505579,36.30861213312308,9.0,-10.5,1
49,33,10.222779988655883,36.561237978868945,9.5,-10.0,1
49,34,3.4557489586416037,36.46660588283337,9.5,-6.544251041358397,0
49,35,3.27936601506628,36.413756914585235,10.0,-6.72063398493372,0
49,36,2.896745393705448,36.32450166887122,10.0,-7.603254606294552,0
49,37,3.323457509098761,36.28980287022912,10.5,-7.176542490901239,0
49,38,3.270620986499299,36.20715893741877,10.5,-7.729379013500701,0
49,39,3.88788940005794,36.129274397315534,11.0,-7.11211059994206,0
49,40,3.323276914826062,36.0913816442918,11.0,-8.176723085173938,0
49,41,3.812319524162067,29.218258867501593,11.5,-7.687680475837933,0
49,42,3.5164546833094663,20.0609229624601,11.5,-8.483545316690535,0
49,43,2.7483462344285536,12.056114316904823,12.0,-9.251653765571447,0
