SubscriptionID,timestamp,avg_cpu,max_cpu,vm_count
0,0,97.06588119415144,260.09292261432785,9
0,300,153.5861508319162,281.1623761711537,9
0,600,151.21520477876757,236.85593583657106,9
0,900,55.97853789232672,152.82657567957193,9
0,1200,6.9467987434623115,23.761769457506105,9
0,1500,59.67230481306835,274.95163203789645,9
0,1800,189.18649130584382,315.5906874137025,9
0,2100,11.923463898703035,93.80524309577089,9
0,2400,88.1202393572129,99.61349660330363,9
0,2700,83.30024215897541,181.0130173964001,9
0,3000,7.688058655961398,36.73287121709476,9
0,3300,5.162131777811526,23.49085537280322,9
0,3600,4.678758353892052,12.99415784574531,9
0,3900,6.361393346146589,50.65181074605535,9
0,4200,4.807779633906198,14.218914649592584,9
0,4500,4.723818178868559,13.489145890571187,8
0,4800,8.164802777103601,28.706339343213333,8
0,5100,46.108570953551904,82.39986875878672,9
0,5400,52.835200810381984,104.58874050246088,9
0,5700,5.971083063031003,24.979280588000343,9
0,6000,5.774951170511388,18.729886588235622,9
0,6300,5.29485405622487,14.582542223595112,9
0,6600,5.5319250397455,17.895260053993795,9
0,6900,6.9137125314299075,25.175568221121466,9
0,7200,5.0248044253021025,13.851729508988297,7
0,7500,5.053660835261618,18.151495624301035,7
0,7800,5.342189198555644,18.194699222501384,7
0,8100,36.10254468636936,110.16279605694467,7
0,8400,44.01921892007516,99.92957910674276,7
0,8700,17.979036565817044,73.23726484611385,7
0,9000,5.527326429623313,20.59620769086076,7
0,9300,4.891668172639661,16.425981633317072,7
0,9600,4.855064954745969,14.926537180203727,7
0,9900,6.137582310761228,19.864803173766383,7
0,10200,4.922354345971725,14.81403342760049,7
0,10500,7.112781976462034,27.003981949469978,7
0,10800,5.650967319260392,18.50020810885321,7
0,11100,7.729673097303897,40.62724026073803,7
0,11400,4.543235460881643,12.407994175641681,7
0,11700,5.819436013992841,23.385374917407255,7
0,12000,7.677589498013964,25.426458532973893,7
0,12300,6.262547815441867,22.79104579958236,6
0,12600,4.854693400572565,20.549238855539144,6
0,12900,5.100675543416972,20.596641255541325,6
1,0,53.984457667505644,120.35782483767582,9
1,300,96.81908643918653,205.21922943994107,9
1,600,28.409504651535922,84.58260378252743,9
1,900,16.265034020702615,111.4075781429387,9
1,1200,77.09539446207923,138.46586606873356,9
1,1500,89.70195822108747,232.9805166520013,9
1,1800,114.74068204103705,315.13062425231277,9
1,2100,6.495217166354557,25.37161512323367,9
1,2400,142.67252263737254,189.49279349402644,9
1,2700,68.89135022804203,132.01356366740407,9
1,3000,6.125225726833766,26.596587888255264,9
1,3300,18.065588651805758,82.81569049936259,9
1,3600,66.95058195801415,114.77622385102052,9
1,3900,41.68709401005369,98.84711906938868,9
1,4200,5.606131393235509,21.80388987244869,9
1,4500,6.819802432475449,27.240881954583593,9
1,4800,6.200651784131123,24.587125731165095,9
1,5100,11.656477896984038,76.36066979628282,9
1,5400,21.572603135349947,197.10803115554285,9
1,5700,6.556679553560261,27.357017400199588,9
1,6000,24.86687169805054,89.1815296096194,10
1,6300,7.893327781725797,36.0451786410239,10
1,6600,6.169390412238886,24.41396606608379,10
1,6900,5.767877998298031,22.778224523938245,10
1,7200,5.719333507165363,23.04636645911614,7
1,7500,6.052169399436599,28.623035715118327,7
1,7800,5.575087745715356,22.41417120944047,7
1,8100,5.239996481383006,21.552446554164487,7
1,8400,5.860166369363204,23.692923480934716,7
1,8700,6.1825440198610755,29.927931916731506,7
1,9000,12.598428788003943,95.04981507240706,7
1,9300,44.44480130747353,122.7876048235578,7
1,9600,18.226831227640837,97.84786551635287,6
1,9900,6.607061442026337,37.863081640022344,7
1,10200,7.013414870242267,37.581350089392615,6
1,10500,5.88168889289353,28.197063140447813,6
1,10800,5.891616710098364,26.867241401480715,6
1,11100,7.97053869610777,48.54655045902056,6
1,11400,72.1407487716361,180.67303220758598,6
1,11700,5.482168222019563,22.675645821003258,6
1,12000,5.653660142194286,22.159857118042645,6
1,12300,5.498114510038423,28.297674572003828,6
1,12600,4.830313065494158,19.702160860553334,6
1,12900,5.277577982771209,24.12418398833453,6
2,0,154.0114582772018,281.2400267921686,10
2,300,166.24664707257844,293.08502459925137,10
2,600,165.747770631669,266.15147757961864,10
2,900,62.271548991461025,207.06852825529606,10
2,1200,7.397439398636309,19.5630892172696,10
2,1500,8.876661826646396,38.19479783422584,10
2,1800,7.989972853409199,30.50747375632865,10
2,2100,16.85209644189488,59.719612754089965,10
2,2400,36.47647335229367,101.71858266409228,10
2,2700,10.291169370590207,45.633526309691774,10
2,3000,7.547680890174951,21.13595402070324,10
2,3300,6.613720453655965,13.549083355886719,10
2,3600,25.743010710120874,104.83315940836539,10
2,3900,9.472662980362475,41.54626647564673,10
2,4200,5.677877259603104,8.647062088721903,10
2,4500,6.42789708156236,13.7375689590018,10
2,4800,11.2811102164414,36.65476243910161,10
2,5100,21.486201635489852,46.998943877526756,10
2,5400,44.460822721638,67.44331076004254,10
2,5700,48.21851063604326,86.27439193864622,10
2,6000,16.966322930299352,49.271853242840564,10
2,6300,21.175770140952544,86.86191489971824,10
2,6600,12.552819056302138,40.326856346589416,10
2,6900,7.9791039466054965,20.217833703173287,10
2,7200,5.860992498167084,9.172570045262836,10
2,7500,26.615554190911844,113.53361119615455,10
2,7800,7.233214761996523,18.846367373748713,10
2,8100,6.206464448365342,11.439149770099847,10
2,8400,8.774597511017287,20.78761117397032,10
2,8700,6.79659009609714,19.43259091931571,10
2,9000,6.91481425311569,16.920276363631267,10
2,9300,19.273755600553624,64.82345693739119,10
2,9600,39.76934242899222,82.074734094863,10
2,9900,39.080188309004924,85.7821881830969,10
2,10200,15.407251480482264,57.979514273703955,10
2,10500,6.48648207837952,13.517358237511418,10
2,10800,66.30283530172436,115.64178240855297,10
2,11100,100.3335920252594,105.87560348437827,10
2,11400,174.98083531383676,198.41280787377016,10
2,11700,42.03179030594665,114.86199339800154,9
2,12000,7.358394231154823,20.461023624489762,9
2,12300,25.973612143331106,80.81979569344094,9
2,12600,34.367140308905626,93.40851626184373,8
2,12900,56.21728980699905,115.45174549608299,9
3,0,123.29244729281187,210.66659605537964,9
3,300,35.34840810342648,98.27069632990688,9
3,600,85.54610073995433,119.41412211580563,10
3,900,20.660457948408997,58.59023291332272,10
3,1200,28.717189349490578,90.16567230590849,10
3,1500,91.93758729685362,266.6619785247165,10
3,1800,6.5169067987128155,19.889666422830512,10
3,2100,11.756523105348117,41.951434605300626,10
3,2400,36.688237019313796,69.20277414854856,10
3,2700,56.35330459133091,144.53797471536296,10
3,3000,87.96754566426858,109.91395100786497,10
3,3300,15.134620363892758,100.63390640291819,10
3,3600,7.340540429525296,24.788749059162807,10
3,3900,5.167102889859523,11.432288575963394,10
3,4200,4.586643837355095,10.387624876194806,10
3,4500,4.766014799226775,8.025257600764862,10
3,4800,5.915218901678147,13.044349938914749,10
3,5100,4.711065721809303,7.661964144907749,10
3,5400,28.760474020884555,106.85170426925674,10
3,5700,5.537982677866171,16.43344037608904,10
3,6000,4.7714608074373555,8.201617211346809,10
3,6300,6.711992935447052,28.682302523911478,10
3,6600,5.360430772250087,15.202057026719086,10
3,6900,5.108336593083866,9.859109471405098,10
3,7200,6.907232863763516,19.269977077943885,10
3,7500,4.6711448963360205,7.780248715099969,10
3,7800,35.36959050884492,109.26080841736605,10
3,8100,37.622278002329125,105.99644278218199,10
3,8400,5.114510784066856,10.488614474100707,10
3,8700,5.220962092004982,12.22973383599981,10
3,9000,28.670473442443292,60.219351455762535,10
3,9300,16.644628858845152,57.63110440055546,10
3,9600,4.882464068839683,10.729279761254515,10
3,9900,5.516673256841107,14.663459997028491,10
3,10200,4.600109967939585,6.734084204903122,10
3,10500,27.674776231036134,101.36687781619649,10
3,10800,7.555600760082418,22.21611620053017,10
3,11100,6.553085869154193,20.35839730390284,10
3,11400,4.784350633497539,12.83824727516473,10
3,11700,34.38093209344259,80.71743941818379,10
3,12000,5.606657256317822,11.262386933049122,10
3,12300,5.12630619841585,8.11306009130753,10
3,12600,3.4345153774959316,6.015518534498529,6
3,12900,4.44903947756157,9.622540665224223,6
3,13200,0.3838342687662117,0.4745688255020697,1
4,0,3.0548600812528153,6.417822466394241,7
4,300,6.172130628758138,23.28790845987685,7
4,600,7.762263511368404,31.771087520992555,9
4,900,6.148205216851277,31.41591058678293,9
4,1200,18.015692666676884,76.39879438396882,9
4,1500,65.6438907195744,198.4547714756352,9
4,1800,103.25913138250834,130.10282498905417,9
4,2100,43.1003057001555,102.80294742043054,9
4,2400,3.9536150621525525,9.749490765199475,9
4,2700,3.820037635887617,12.530685234506112,9
4,3000,54.47192314367113,113.96720231945675,10
4,3300,14.439231690364442,74.9495795433106,10
4,3600,4.361796847027813,22.247410757572204,10
4,3900,7.493043412739867,50.64203117893463,10
4,4200,7.663915424859738,33.95150143638659,10
4,4500,3.9656149620877716,9.925085068989924,10
4,4800,74.47842703635672,102.41197747359337,10
4,5100,92.24428798677631,148.8711492776037,10
4,5400,11.840987314280055,147.56454531290572,9
4,5700,55.50086616572849,106.9033614459055,9
4,6000,90.31212763202075,108.47747640640796,9
4,6300,39.91431631717724,128.34647791807953,9
4,6600,4.769265346632216,24.77081320282457,9
4,6900,4.073009113905416,9.841303071974643,9
4,7200,3.859470815895226,10.610922642705066,8
4,7500,6.204979978671234,27.156747774109075,8
4,7800,92.30429099068895,201.91554599866402,8
4,8100,99.30678060828943,117.54991715356742,8
4,8400,50.87711645935291,106.65686860548627,8
4,8700,21.57516165290346,166.6743739986955,8
4,9000,38.10646397501918,105.89141353508859,8
4,9300,3.2812601587179535,6.169984688221645,8
4,9600,14.70099766570155,64.34410495589596,8
4,9900,22.959673881324658,111.86594261759548,8
4,10200,6.926407774646496,77.74882318126777,8
4,10500,43.89913610532196,79.88557697851485,8
4,10800,3.719165958408784,12.658651166164596,8
4,11100,6.51174502574498,37.26150572188267,8
4,11400,3.401238012613776,11.400129296651734,8
4,11700,3.1407817213470963,5.378247417085241,8
4,12000,15.056296706411933,81.5886216332659,8
4,12300,19.355316372362182,71.80690716891287,8
4,12600,20.45002869587159,74.42570534209364,7
4,12900,17.17101887925397,69.19517309650736,7
4,13200,0.3868500485622847,8.3262410783776,1
5,0,127.31953326651738,214.5752742723435,9
5,300,107.3005055448876,184.22983761557424,9
5,600,68.51317295476963,171.16290351517216,9
5,900,10.55454665047104,64.72130446500697,9
5,1200,7.101506348196306,28.299861011624294,9
5,1500,7.989557143124988,35.747996406349955,9
5,1800,7.212672562024048,29.817504092170864,9
5,2100,13.104793616197018,58.25347415671447,9
5,2400,209.06580802809128,355.2876922197935,9
5,2700,102.45289987120469,250.00116641941972,10
5,3000,59.92898285710513,124.98222490167709,10
5,3300,20.90163267281481,134.59674649026843,10
5,3600,10.935818142732543,59.96596182859742,10
5,3900,22.85947243541491,61.08409610458058,10
5,4200,8.985431751181371,30.12551848915762,10
5,4500,9.016378524269616,35.294150781431384,10
5,4800,7.479058786071529,29.599807548568904,10
5,5100,11.124732327487447,56.95821627134975,10
5,5400,63.11177834803889,103.61260283162156,10
5,5700,34.10514020162824,99.79236636676401,10
5,6000,7.119869383140739,26.914032305427668,10
5,6300,8.388836308498986,44.78447816890662,10
5,6600,7.775918250376737,27.420666545325396,10
5,6900,8.579042691401927,36.95298276931394,10
5,7200,7.668110102434735,28.64045155651067,10
5,7500,7.562668709036494,29.198995403827517,10
5,7800,9.516337543912126,48.56513593253878,10
5,8100,33.61686346404513,83.87067416351519,10
5,8400,14.081352868194159,49.741339168582755,10
5,8700,9.11393937126265,38.79126537708203,10
5,9000,6.889004132241977,23.67271546849489,9
5,9300,7.267946893658722,27.779370311551492,9
5,9600,7.600935092077181,36.904217431298434,9
5,9900,13.095489321243404,72.82184328716353,9
5,10200,7.268334638723376,27.527064859149974,9
5,10500,8.175463054822218,35.63310538317879,9
5,10800,6.768038858965349,24.88420713761954,9
5,11100,7.070866235644237,26.642641901598317,9
5,11400,7.546167160347883,30.22742794954244,9
5,11700,8.674577649476333,35.50737426846603,9
5,12000,8.847574790888242,36.905820436862804,9
5,12300,7.45516001991701,32.133432871995616,9
5,12600,7.2801332249486395,38.21076190206531,8
5,12900,6.1644717949986,25.182422303429256,8
6,0,188.31496269880415,213.14095950177366,9
6,300,137.52112349871317,203.6604227328573,9
6,600,88.3499873410822,179.28465254675743,9
6,900,24.729563321511453,102.09199994316101,9
6,1200,7.676608201843513,32.00467668655838,9
6,1500,59.91500097744138,257.45678091198124,9
6,1800,7.0920729707662336,38.63735042710251,9
6,2100,6.376742702607275,24.016063047660673,9
6,2400,5.425911434861478,12.145530522547645,9
6,2700,5.138211128294751,10.223189261107212,9
6,3000,5.131568657926176,10.164719896747403,9
6,3300,12.8125371126476,73.40282988254825,9
6,3600,23.524182040574452,114.62095610710435,9
6,3900,8.651921088534507,15.234905279007851,9
6,4200,12.143596039208418,33.48447541758449,9
6,4500,7.042561377181139,32.716652844517284,9
6,4800,4.851050446359354,8.572143150369675,9
6,5100,5.25664937773336,12.026445586556695,9
6,5400,49.71028169558715,138.53835958100612,10
6,5700,47.59739730272906,70.22413587511838,10
6,6000,36.164880931515384,48.099821994380044,9
6,6300,6.573559246903953,19.84601459093958,9
6,6600,7.825460181995027,27.57668839915125,9
6,6900,20.547481596578894,51.47094901856607,10
6,7200,29.42534285265792,58.23762416592454,8
6,7500,5.103871922120726,8.769374666104806,8
6,7800,6.188026664884062,12.775719714629611,8
6,8100,5.953878785161623,20.981770765057107,8
6,8400,6.219246622095451,26.863265912516887,8
6,8700,5.055225386675184,7.700463971506908,8
6,9000,5.392169094027546,10.669594052747188,8
6,9300,8.117992877415155,42.42579867491305,8
6,9600,5.7512211844970285,17.85999449738708,8
6,9900,42.666426409806554,65.55993341634468,8
6,10200,30.492307955129306,87.0161339912506,8
6,10500,5.8776822644606,18.89251280202629,8
6,10800,8.077546111033376,37.64207249309585,8
6,11100,6.714908308524999,35.828442821243335,8
6,11400,9.810121761016086,27.503118842757683,8
6,11700,8.80788102962009,22.481748460409598,8
6,12000,10.335201545009692,39.49851577114198,8
6,12300,7.3272675994752685,13.645453191965952,8
6,12600,16.970455572634773,84.29574643706701,8
6,12900,76.011629880266,109.80089497501741,8
7,0,98.53936996283814,124.06882340005343,9
7,300,99.13022843628191,111.2729204158742,9
7,600,34.81707682082092,102.94362781602896,9
7,900,7.311098899805128,36.70845972588087,9
7,1200,8.73464909610698,47.90666114037172,9
7,1500,8.42498530303195,44.006111346808055,9
7,1800,43.97760979361926,169.8798699715348,9
7,2100,58.88901760337205,87.54172951434674,9
7,2400,49.158961515568414,117.45400425433452,9
7,2700,8.57539838927625,40.01141738503289,9
7,3000,26.879133252241044,124.40093724102006,9
7,3300,5.478547030867287,17.55899277518171,9
7,3600,8.044850007389002,35.73817584293184,9
7,3900,39.30153555719795,112.1300753367845,10
7,4200,7.057600191668138,26.430796691297967,10
7,4500,9.455687442663617,29.87493095985287,10
7,4800,32.555011227649935,86.01015995450129,10
7,5100,68.86439005225644,81.68268909938797,10
7,5400,55.208059167342796,121.02290908829245,10
7,5700,7.186878300191847,33.25995592915116,10
7,6000,6.244495762123481,24.72393833324029,10
7,6300,5.894016929283648,18.934860400826068,10
7,6600,6.308112928213664,20.414964223165338,10
7,6900,24.58346356107167,76.4443283568475,10
7,7200,24.5341493295306,68.39297627327741,9
7,7500,29.372636408717263,97.11029975909842,9
7,7800,7.558954887074804,58.646319788336655,9
7,8100,30.835611383378165,136.3773106045233,9
7,8400,5.732041516563647,18.989551516018576,9
7,8700,6.215956766410506,28.172027544414735,9
7,9000,7.6150865833604975,50.210960511951015,9
7,9300,5.988789820966843,21.72602450769108,9
7,9600,6.60261800342093,26.73003512600252,9
7,9900,6.034476586171988,20.85998002453393,9
7,10200,5.626733808846999,18.17404052442945,9
7,10500,12.557282337722137,74.0074821162302,9
7,10800,114.86236725643285,193.58448980411467,9
7,11100,49.97936978034468,161.70081707990767,9
7,11400,60.99284718299934,164.79603202798899,9
7,11700,42.76667172729585,154.4485732199932,9
7,12000,5.972712482222767,21.804320495438283,9
7,12300,9.748175512459158,54.89053539889577,9
7,12600,5.145173465741646,15.203821129137646,9
7,12900,5.197894524908582,15.533252724629568,9
8,0,307.8661314606251,392.91498205825405,9
8,300,141.6187513091783,301.9284811606887,9
8,600,87.51832024393072,124.75815539312626,9
8,900,38.016433611723535,116.09085894542147,9
8,1200,7.261992656448977,25.46471083658005,9
8,1500,8.100910065947986,44.08851346090743,9
8,1800,5.059327803617233,9.280116506237093,9
8,2100,45.37835731261954,131.0299021090114,10
8,2400,38.479722421644425,105.0645544917723,10
8,2700,35.25650892325052,49.33038350852246,10
8,3000,16.30202416329766,95.6239325705371,10
8,3300,6.821748502131097,17.200199964403126,10
8,3600,5.810840765099446,11.930684787451634,10
8,3900,12.65128763100273,51.01915010905016,10
8,4200,9.656454612074123,22.48447746017337,10
8,4500,5.523090672522832,8.466554279117329,10
8,4800,7.218295013499252,16.02195337669844,10
8,5100,6.655854463848736,21.280609395785227,10
8,5400,6.187983050142883,14.145398349854764,10
8,5700,54.74640682456769,125.43795011913474,10
8,6000,64.39904616183968,113.26269986247965,10
8,6300,95.79448633763573,103.2938571537844,10
8,6600,42.76758579135332,99.89267983525531,10
8,6900,5.980495758564155,12.096496829287537,10
8,7200,6.954369391550601,19.069318299350094,9
8,7500,5.506336618658698,8.074682056378489,9
8,7800,7.632753550682711,19.22703527207167,9
8,8100,6.62557508827722,18.862484501137825,9
8,8400,6.667490809755025,15.676703034455391,9
8,8700,5.628422114094447,12.4494479094945,9
8,9000,6.583569836333809,16.547919748981357,9
8,9300,5.876947898496359,12.545774720380654,9
8,9600,5.490887390486919,9.611287949203897,9
8,9900,7.043186608303006,21.479680544432966,9
8,10200,6.25885859981393,14.799954624785155,9
8,10500,5.940960169748559,10.53900301179585,9
8,10800,6.551629603292155,16.74792058568726,9
8,11100,17.44364018945502,57.89904630275335,9
8,11400,22.444907650340536,59.750515283847946,9
8,11700,9.903934012951163,31.187354218521385,9
8,12000,9.435793958752711,67.10151521617058,8
8,12300,22.568961521328504,80.05386073068617,7
8,12600,24.47695035847072,98.02717586384794,7
8,12900,22.491309071460567,88.52612860927005,7
9,0,18.947000199094553,49.86902258265518,8
9,300,28.399167129065578,92.5889093058176,8
9,600,94.00484708770172,154.02431882154647,9
9,900,38.34013310100779,76.79721323602479,9
9,1200,11.275850592779951,42.15568109338207,9
9,1500,53.645464657978415,79.6510716279678,9
9,1800,64.5184315997073,93.2713381602519,9
9,2100,14.89037491205308,58.3377914628787,9
9,2400,32.749926101620396,84.62491811712435,9
9,2700,7.923334210645907,53.95306408305907,9
9,3000,19.054123595922356,102.2732537058394,9
9,3300,45.61935669669991,99.74106485991894,9
9,3600,4.869118516917879,24.004685104027192,9
9,3900,3.3171523930866575,7.282738072536777,9
9,4200,19.437647443149604,55.98743179081616,9
9,4500,3.011730209807685,8.944523300304471,8
9,4800,72.31923028914605,107.79093286329766,8
9,5100,114.21259264595861,159.24586969261455,9
9,5400,50.4324183440338,87.24241590089856,8
9,5700,5.787170784661724,48.46344254781575,8
9,6000,4.769283226236498,19.41565986443831,8
9,6300,3.728080376248339,13.07468082283843,8
9,6600,2.772337282077356,4.776225616822915,8
9,6900,3.7012082489754055,14.810521283219177,8
9,7200,3.2367214994992457,7.447311791129339,8
9,7500,3.119247843348947,8.424112811402827,8
9,7800,19.452899133307294,75.63519415451485,8
9,8100,3.0094549666984998,6.411312389728115,8
9,8400,3.162456045901166,16.016685769019524,8
9,8700,45.66984295862904,220.59273104160278,8
9,9000,48.9607316732184,114.1328449837435,8
9,9300,12.251629283965851,107.7178442285619,8
9,9600,5.434403543487815,18.88240192345975,8
9,9900,4.835655711624781,13.126518739636378,8
9,10200,4.649831749037013,36.661824852905724,8
9,10500,10.852105882232472,99.57374740885096,8
9,10800,4.119725597470312,9.763319798036362,8
9,11100,4.279444054538051,12.279927242230215,8
9,11400,3.638202256216089,12.234262393950187,8
9,11700,4.244316457645206,13.517160596682865,8
9,12000,5.005603717076634,28.264994789585124,8
9,12300,25.258823809560038,139.04294624063212,7
9,12600,37.490149049347465,159.79567113323458,6
9,12900,12.041828647580607,50.27568280222126,6
9,13200,0.8616606072520864,1.2859981458985006,1
10,0,114.00822356052454,213.19251690126933,8
10,300,141.77642776593177,270.0415722642974,8
10,600,124.92791085616692,227.20108574813648,9
10,900,72.09232476404837,222.9963737519052,9
10,1200,16.633223067459415,85.68439784809256,9
10,1500,87.03407165742388,260.9655540824499,9
10,1800,11.720153084028183,63.45424149878794,9
10,2100,12.550638277269325,73.26300854766468,9
10,2400,64.19434071684192,176.77115828905417,9
10,2700,69.81823454367029,144.3183598479225,10
10,3000,59.175049753274905,108.64851937206836,10
10,3300,8.775573349344997,46.35034656180813,10
10,3600,6.476242418087234,25.584006413372798,10
10,3900,24.190951746708848,90.98050978050873,10
10,4200,6.1740330586570575,25.623250817057723,10
10,4500,6.5091289981720575,19.715773207758744,10
10,4800,6.72423747985771,14.388183925980758,10
10,5100,5.255607232707148,16.899595334150728,10
10,5400,5.977685158502317,18.795316430087965,10
10,5700,5.635296296034278,15.182081991348,10
10,6000,5.518831862934843,12.322042342396875,10
10,6300,6.797736332998963,26.70567180984768,10
10,6600,6.304487144186143,23.398278028499668,10
10,6900,5.45737826602946,11.011678317042758,10
10,7200,28.91139952879283,107.86308531496182,9
10,7500,4.812470863604968,10.383541150691723,9
10,7800,8.241609898050337,48.099678299239315,9
10,8100,7.052153665742544,32.10001988079351,9
10,8400,8.626943001138457,37.257506608007674,9
10,8700,5.025552788697529,9.453174581521193,9
10,9000,5.28936099774969,13.1411429571416,9
10,9300,5.7796758668312975,17.343690604637878,9
10,9600,4.827454782110961,11.34970323571798,9
10,9900,54.779908889304274,111.76152843375516,9
10,10200,6.1254511002044945,20.854536955255767,9
10,10500,5.808465300549092,16.705784788749945,9
10,10800,26.08169497435558,126.98278768712547,9
10,11100,73.07971514191885,114.51654549824197,9
10,11400,5.154378741122493,20.594961221081846,9
10,11700,7.298706589200809,30.042815404016487,9
10,12000,29.50129622657582,108.6653777016846,9
10,12300,65.56389534581001,109.95933057167196,9
10,12600,37.58343669301433,67.90511435238817,8
10,12900,45.230796517917966,67.7020374390065,8
11,0,125.49138880288487,170.35816389872792,10
11,300,152.58165104378247,222.00727576732908,10
11,600,134.0887006434489,194.69196615582308,10
11,900,21.719365807259027,82.11777307080222,10
11,1200,6.4230629444972696,24.169146961822445,10
11,1500,22.884714106690883,107.06119270836393,10
11,1800,5.747729576621491,25.721870082905642,10
11,2100,5.242918299273823,15.866419750516286,10
11,2400,8.944805503504899,35.952300414325606,10
11,2700,5.2083710829411745,12.879797163540301,10
11,3000,4.297670090730527,7.405085399813983,10
11,3300,5.209713584415881,15.371652818456356,10
11,3600,4.568714297688163,9.665475560859619,10
11,3900,11.22950947217706,43.796363122442344,10
11,4200,5.591236069450631,10.901716477959878,10
11,4500,50.65326111765887,106.33541717835834,10
11,4800,6.950151286471328,14.275864862244115,10
11,5100,42.273296621482395,88.26689494408258,10
11,5400,23.81218099272501,126.34650906336013,10
11,5700,23.31431848348604,48.62024560427758,10
11,6000,36.696319705162026,103.5991826695902,10
11,6300,8.132256358575525,45.52365664355857,9
11,6600,4.307395387485216,10.417218788990846,9
11,6900,4.324340503409538,10.680376707265538,9
11,7200,4.513780476662764,16.617901871979683,8
11,7500,8.338258468641367,50.93305518583946,8
11,7800,6.007602682328599,19.905194758543743,8
11,8100,5.375102780622458,15.90120842228962,8
11,8400,4.014097848743855,9.754606743358526,8
11,8700,14.677257242192624,57.28106596496228,8
11,9000,4.5795463894552615,16.684551335958773,8
11,9300,16.8656385215887,78.86889192814432,8
11,9600,96.52289166041767,121.88726493444116,8
11,9900,74.90593184050107,107.95826278065452,8
11,10200,46.175183818565124,84.48622073727898,8
11,10500,4.111916056068419,9.798765900863843,8
11,10800,4.908839443486725,18.968392921954212,8
11,11100,56.024799684613804,114.16687734485615,8
11,11400,21.443576830450148,84.96972640182545,8
11,11700,5.012536924807646,20.103144103673024,8
11,12000,3.631445748227869,5.660102671313469,8
11,12300,75.87496893338317,165.2822410288361,8
11,12600,74.5634171081561,157.8149127368928,7
11,12900,86.87067889227464,152.15369627214133,7
12,0,180.5113920214398,202.38352541757948,10
12,300,69.9256531122416,171.52727587559502,10
12,600,25.590809794916314,105.57471963558355,10
12,900,7.008434618893934,27.2712306733182,10
12,1200,22.716846459211897,130.80055849501863,10
12,1500,9.087107131271711,48.71079681521657,10
12,1800,17.280039912150812,98.64937453767406,10
12,2100,4.740822893878511,10.693824190613771,10
12,2400,4.530732857615842,9.72799029084959,10
12,2700,4.530638291466887,8.999362532143829,10
12,3000,5.411898118272248,38.23043123051853,10
12,3300,4.3667218550147595,7.702025986487926,10
12,3600,5.491854325827058,25.14611328641189,10
12,3900,6.524336172018499,18.335040010374914,10
12,4200,6.732405599106877,31.187656042166413,10
12,4500,88.89804781896176,178.96338272300298,10
12,4800,208.61027363275642,343.42050302352703,10
12,5100,107.16613003836189,224.66815789780637,9
12,5400,40.593897198195165,172.25561354283988,8
12,5700,5.452042844105286,23.24307314798332,7
12,6000,14.042634751369361,63.562464717769544,7
12,6300,3.270023092524015,9.806082132548154,7
12,6600,4.190439536368618,29.675478515447374,7
12,6900,4.580265708200095,12.625526566823222,8
12,7200,11.871055650647024,79.1643128190803,7
12,7500,9.438311165432198,42.82249438444665,7
12,7800,3.993064180713163,13.056379177884581,7
12,8100,3.698487954344518,9.985870283125172,7
12,8400,3.6462913148135114,13.668210723912377,7
12,8700,3.5900985357368835,13.567771353219586,7
12,9000,6.862551775976903,27.92559287543877,7
12,9300,4.782325242874803,16.669251426317917,7
12,9600,5.459994563509575,14.447076596596906,7
12,9900,6.27458663477168,29.468473725652224,7
12,10200,6.647834385381726,28.201017728707974,7
12,10500,58.59026462548192,98.53253847614857,7
12,10800,7.979218553476383,51.840671473878345,7
12,11100,6.64014247253022,20.25255756458862,7
12,11400,4.365344698420092,13.664204178643566,7
12,11700,4.017091175375317,8.600169260363286,7
12,12000,4.321344728215313,15.015017913360616,7
12,12300,12.773324070976148,67.73242499105683,7
12,12600,20.26184363407147,71.41966333690111,7
12,12900,20.28269551109804,53.860685226132226,7
13,0,150.31804532824054,211.72260438091826,9
13,300,53.170692823479854,132.59009382207887,9
13,600,11.10856270380206,22.99486343533774,9
13,900,7.828349568502311,30.461527951838917,8
13,1200,6.055514094385596,17.3662320451488,9
13,1500,7.388203673189754,21.295904343509747,9
13,1800,5.128269387290665,11.291035812026431,9
13,2100,5.235652970659055,13.00676480644706,9
13,2400,7.160951964377292,24.167306987710255,10
13,2700,5.8996266578398595,10.373044091184923,10
13,3000,5.926796379801489,11.949916932000443,10
13,3300,7.685452433637766,27.37152152907934,10
13,3600,8.593259070693112,29.32786105391075,10
13,3900,12.155376411340775,84.06556454065334,10
13,4200,43.09516928372727,92.10756603174553,10
13,4500,82.25217406222585,194.84250766568076,10
13,4800,129.69903019289,255.04953491300338,10
13,5100,124.59032830822369,232.90343987722466,10
13,5400,73.48541570390896,188.53861987853983,10
13,5700,6.333764437076692,15.106494146721747,10
13,6000,53.50786115338901,97.47459448526226,10
13,6300,86.60063162843275,110.19493729677824,10
13,6600,41.802900242768146,94.8435120243937,10
13,6900,8.547006765527922,78.55623016488276,10
13,7200,6.92586233659579,19.70357800112827,10
13,7500,9.532317808650879,42.0060290963389,10
13,7800,9.89950754614282,40.235444052704295,10
13,8100,8.322023197882668,31.18642824895083,10
13,8400,6.547102882614174,14.469657196743423,10
13,8700,6.140387095619391,13.055764339879618,10
13,9000,6.0764899158052375,13.673659567241362,10
13,9300,6.868677945897027,15.151844964854922,10
13,9600,6.5291280481364415,14.681735695812598,10
13,9900,7.581099221445828,30.350740773787408,10
13,10200,20.571165081180094,110.1113811547978,10
13,10500,6.867686479993011,16.26279145939954,10
13,10800,26.94819982409625,111.40682154066823,10
13,11100,104.44054390061089,123.30862371251693,10
13,11400,6.039462619442319,25.44649621834014,9
13,11700,7.287970988112834,18.227740616015907,9
13,12000,7.598725969444308,33.52243493187961,9
13,12300,71.27585195824574,138.7782428943675,9
13,12600,95.30128087696707,181.56393165616495,9
13,12900,98.23386398746639,151.9775827221093,9
13,13200,0.8463953535140966,1.0169871274476012,1
14,0,145.38673879145506,200.4064658761352,7
14,300,59.35162005397877,139.48000637622445,7
14,600,100.44874568947196,159.9929416072654,9
14,900,38.910183333407495,135.24086512937748,9
14,1200,9.681890624932667,49.23707180859698,9
14,1500,53.15939230003989,215.31609873769227,9
14,1800,13.431244535671937,66.70436228850596,9
14,2100,8.39267303300621,38.000828274701135,9
14,2400,100.68189842309756,108.01282935073215,9
14,2700,47.686574241973425,150.06467371298504,9
14,3000,29.100751372965604,106.95066234461251,9
14,3300,13.958500539132816,78.45161117144441,9
14,3600,4.302585920794279,12.81277128017021,9
14,3900,4.821244765042113,15.72128453486355,9
14,4200,6.019436643723744,23.140966747038142,9
14,4500,4.479968373641458,14.820830201584723,9
14,4800,6.5187163768743,20.377851192984892,9
14,5100,6.574953695414884,27.640269017043494,9
14,5400,53.88839696370289,129.72677748201573,10
14,5700,5.050554775146891,15.656656649187656,10
14,6000,5.307680610196837,21.450350516857586,10
14,6300,5.606249834744867,19.451869194576346,10
14,6600,4.8317403634332825,14.909563823395718,10
14,6900,8.780290403312673,46.362572191537836,10
14,7200,5.00428644121255,17.34263545526813,9
14,7500,4.417495163159293,12.679908391865359,9
14,7800,9.058910111038273,62.988634235879694,9
14,8100,8.020025983025741,43.05077814384489,9
14,8400,9.146268509665571,54.30298729486732,9
14,8700,8.076524977067328,49.087852105035296,9
14,9000,4.8331947783254785,16.60635333706547,9
14,9300,6.958957121962725,33.57051405371976,9
14,9600,4.474102580678664,13.206360488259254,9
14,9900,17.47167813384719,54.02730148520194,9
14,10200,34.7820048072322,86.52038971976573,9
14,10500,7.150643487741579,28.42926958965007,9
14,10800,4.863373519357769,14.558320813180725,9
14,11100,5.00524598284356,27.750126512031482,9
14,11400,8.082227846130378,40.69645168302434,9
14,11700,17.113128689347253,91.35901027709502,9
14,12000,37.42647351904511,175.23798652013375,9
14,12300,74.62045131664436,221.12968279857418,8
14,12600,77.77511152861716,155.10590565988642,7
14,12900,26.15944091281508,117.44185708513808,7
14,13200,0.2679213443453237,1.3435664055964782,1
15,0,45.495177068382404,119.05422442075779,8
15,300,52.431989148936665,145.91466478099798,8
15,600,139.78605300584968,222.87365168781614,9
15,900,59.6266970391784,138.95722684803272,9
15,1200,14.376671822453382,89.97545521888507,9
15,1500,7.2353798950885135,35.90626484925165,9
15,1800,6.279435123148131,30.589828735526538,9
15,2100,5.99995829154894,25.590850249399566,9
15,2400,166.05255613706652,239.33977414917302,10
15,2700,60.340521440856094,213.67296743123472,10
15,3000,9.244760843726105,61.32198131844673,10
15,3300,6.291357853183171,21.893498837643392,10
15,3600,7.235919649191491,27.684783803092223,10
15,3900,7.036256768369728,28.49080338438165,10
15,4200,6.480636680742928,24.45225358994185,10
15,4500,6.941746786717454,22.383222846364937,9
15,4800,7.255702272468967,24.59483126512283,9
15,5100,6.131761765715741,22.78415141885253,9
15,5400,6.411254514085524,23.11529077000701,9
15,5700,6.570652051058119,37.91567268243072,9
15,6000,8.385439500621636,37.51198509134037,9
15,6300,6.353420784527699,24.041479030434058,9
15,6600,49.20413429199794,81.26260727426217,9
15,6900,63.698664177149574,108.70054730782526,9
15,7200,26.736584274558624,109.22748223929061,9
15,7500,7.133748571442686,32.595379159952984,9
15,7800,10.917784989461914,64.17637858887528,9
15,8100,6.609513967950537,22.563117405136225,9
15,8400,7.46480109513732,29.60417250935719,9
15,8700,23.974867197113422,115.95671606136898,9
15,9000,6.67463260554281,25.55779770220878,9
15,9300,6.534454746740137,25.83966612043728,9
15,9600,29.67213877737411,114.23010669024796,9
15,9900,6.677065236735742,24.462498314936173,9
15,10200,6.07782854958903,22.137440937348646,9
15,10500,6.8622522250537825,29.17550989547211,9
15,10800,6.674579479754206,25.418482589752593,9
15,11100,6.522371422208982,24.093445292683047,9
15,11400,6.522367245758155,27.580503363299705,9
15,11700,6.63581646145051,26.291846901723048,9
15,12000,6.742119129205535,24.95652168437891,9
15,12300,7.336783558635341,31.291481796804717,9
15,12600,6.601302511863616,31.299296520645807,9
15,12900,40.65558041253322,99.93489623835714,9
15,13200,0.837717630042015,7.223418576762103,1
16,0,6.279594345437363,28.084060757500325,9
16,300,4.2404444380540465,19.808284645531696,9
16,600,4.997509301757707,24.033110488667006,9
16,900,8.183370725594868,59.95427137859706,9
16,1200,12.89193188136265,73.59296371852619,9
16,1500,154.93155370655305,377.69038311533143,9
16,1800,275.84601440448967,414.9445007341852,9
16,2100,103.3722044431054,245.62911158587673,9
16,2400,4.297297716168644,10.242984248032249,9
16,2700,6.082044025378503,31.651581797338075,9
16,3000,46.47772125319093,67.27731356670635,10
16,3300,14.069277403601545,70.2370755656405,10
16,3600,5.063886450271178,12.508626880971896,10
16,3900,4.880537918663702,15.747792292260224,10
16,4200,4.545077236128901,9.185934840686407,10
16,4500,5.024060321999375,13.203602472400329,10
16,4800,48.81082537721064,124.59781333478708,10
16,5100,96.736376275156,143.8190654153534,10
16,5400,55.053797283879355,132.33233769817932,10
16,5700,53.2068448901878,160.08647333209785,10
16,6000,44.88394724282512,105.48292002556113,9
16,6300,11.861509186782728,53.25699407372919,9
16,6600,9.798515154139396,32.98250172080757,9
16,6900,4.99144121064973,18.035486852040496,9
16,7200,6.608523413942566,35.22364299166886,7
16,7500,5.605406101177336,28.536923727981222,7
16,7800,3.6211407836512173,6.558322978999488,7
16,8100,4.356217045309593,13.603649293374731,7
16,8400,21.50204501101073,60.13877370315984,7
16,8700,11.529166916885808,61.85807243084229,7
16,9000,4.3760462815434815,12.502676570471568,7
16,9300,4.606995971823013,15.232028921264734,7
16,9600,6.4983627094961935,39.222829503001805,7
16,9900,20.642897423940944,115.44072951564712,7
16,10200,4.234115276734963,9.497414863455047,7
16,10500,3.8967543866784853,13.451895753744571,7
16,10800,47.2544150553864,75.56049122321457,7
16,11100,31.811355793345,69.33971994376539,7
16,11400,5.26215757738583,8.937255456052686,7
16,11700,8.651508920805993,32.16977590314258,7
16,12000,5.5094139750149145,12.2097274353373,7
16,12300,5.429637507715137,14.716122160609835,7
16,12600,3.85668071825287,8.501321154310162,7
16,12900,3.753570527014922,6.853482885586235,7
17,0,122.15883285230339,194.55710681928858,7
17,300,110.52504021653755,203.9150010519184,8
17,600,177.5464464896284,248.5867954418545,7
17,900,50.03856163194364,119.3361338701958,7
17,1200,7.850918581796465,23.547238898043673,7
17,1500,7.222944243685424,39.23954584859949,7
17,1800,3.9950301776376786,25.975949791673305,7
17,2100,16.04104425280501,41.97037700042732,8
17,2400,10.150516596027865,46.74398079619108,8
17,2700,5.67916906426729,25.264292127000523,8
17,3000,5.266015379496492,11.2469191907325,8
17,3300,4.468396769194268,6.925310298511756,8
17,3600,6.382234369918138,33.66705896209655,8
17,3900,5.803106725383576,26.040452212542277,8
17,4200,4.373968721935261,7.3233562392224725,8
17,4500,5.568671092449203,31.856366139597046,8
17,4800,31.032655805020696,115.59183732218483,8
17,5100,38.61258366007267,83.20414970254602,8
17,5400,57.94261266235285,103.88169702410379,8
17,5700,5.019843679847288,9.017728112687179,8
17,6000,34.21906373477824,68.99260371886176,8
17,6300,58.11970345939397,84.47945488612449,8
17,6600,32.95735233513581,58.15655741170985,8
17,6900,5.820524333126136,16.69169041564178,8
17,7200,6.333236954950565,30.723854871699444,8
17,7500,5.356070540073893,15.348517012430943,8
17,7800,5.315296636779593,13.697487673685355,8
17,8100,5.803380547945279,25.103087578123752,8
17,8400,10.04788129352655,83.30730760259448,9
17,8700,6.62785002105839,21.357676556981087,9
17,9000,45.91561887348649,104.34006530883845,9
17,9300,11.071541174676932,19.40495896608639,9
17,9600,30.930658433181318,108.61816026872279,9
17,9900,31.29917361636318,109.22060401511753,9
17,10200,30.04388071182132,103.01482315446626,9
17,10500,5.228389806751727,12.275995556766382,9
17,10800,6.617383710527674,21.231080531759346,9
17,11100,5.305201884028385,15.198877057474382,9
17,11400,30.889922630528446,106.21005136355598,9
17,11700,5.502025668652429,16.54284875009974,9
17,12000,5.740224180754284,23.797538576604513,9
17,12300,12.653048033246987,62.30036265274012,8
17,12600,50.23483646090985,120.14612739571875,7
17,12900,97.84584029041297,103.27904405816832,7
18,0,295.3511632482255,334.621459481822,10
18,300,221.353790856081,334.9364991019808,10
18,600,135.04409928095328,266.20968959436794,10
18,900,47.358870754066636,165.7277555898565,10
18,1200,11.122538392878479,59.95879557252699,10
18,1500,97.07870061540059,260.28026285069063,10
18,1800,193.3440893903331,217.34465618134968,10
18,2100,56.05685673425857,117.16467000140858,10
18,2400,6.026483911677477,13.729171686908211,10
18,2700,6.624142229794981,18.06022905453759,10
18,3000,6.615018079099267,16.751454070892642,10
18,3300,9.040106069083102,36.11086397355083,10
18,3600,27.28911784946289,107.0199228463546,10
18,3900,10.035074245793428,26.219030372442404,10
18,4200,13.782678917553564,34.23210375861209,10
18,4500,9.451207990469557,36.52381112795494,10
18,4800,53.775208743009124,105.7433871423377,10
18,5100,96.52949977562005,112.55578703610516,10
18,5400,62.995278382341176,180.66352904333473,10
18,5700,7.17115781394155,20.60583777237448,10
18,6000,5.542465274604732,24.040062558855436,9
18,6300,4.986592602196251,10.488724481206372,9
18,6600,5.203704238665093,12.722625602444683,9
18,6900,6.617801759546866,17.784651541298214,10
18,7200,6.624312440320859,24.136018812858527,8
18,7500,5.6808852782541654,15.797647628917936,8
18,7800,6.8768240887300065,17.368599956727763,8
18,8100,7.444915514727533,20.58428433015484,8
18,8400,7.9414429746632145,28.457088712498756,8
18,8700,6.10737373863862,17.56225795571182,8
18,9000,5.806927796661938,15.68948673727006,8
18,9300,6.114988779133391,23.720755504427167,8
18,9600,6.391777910620192,23.13835127123082,8
18,9900,6.207812934812852,16.398589910538156,8
18,10200,6.071487006931375,21.038343967810725,8
18,10500,16.372028528297772,51.37899524801636,8
18,10800,33.386186702372456,72.07952730017418,8
18,11100,50.68667272041687,83.16529543610636,8
18,11400,44.96589352894161,136.1939270324593,8
18,11700,25.303517692923336,91.94820928169605,8
18,12000,21.07597212275472,82.48407919903639,8
18,12300,16.943481109010868,96.20310489496713,8
18,12600,18.42952273848991,62.66639294504668,8
18,12900,22.504114642757504,91.65394912493274,8
19,0,97.05281788995481,197.82222446924519,8
19,300,54.388253444053376,98.54968994366578,8
19,600,7.053969288239249,24.289744351191054,8
19,900,12.21346275509049,63.624443483603365,8
19,1200,23.996657792380436,126.38348050575841,8
19,1500,7.690375567826826,26.578597697329414,8
19,1800,94.15595972097806,126.48607504550402,8
19,2100,22.994782962571687,110.11447880327064,8
19,2400,6.766350995003895,18.163848229743305,8
19,2700,41.28347125152494,73.704397533389,9
19,3000,107.65211073989258,162.68746432428247,10
19,3300,76.32795181855428,227.73565253802525,10
19,3600,56.63178595085722,94.61077585019048,10
19,3900,56.10228488264406,99.7220336769344,10
19,4200,98.98236565687738,180.2651481593594,10
19,4500,34.03701976478489,97.1836283613277,10
19,4800,6.760510736033054,15.661727953618904,10
19,5100,7.555385875794136,18.220795662306852,10
19,5400,12.617243784594816,60.615902137233064,10
19,5700,84.66511247217734,107.29975680818467,10
19,6000,60.573690160332724,119.94840192425201,10
19,6300,7.486641042151445,28.608804429527034,10
19,6600,6.503343173729242,13.339654520158243,10
19,6900,6.303571363311732,11.60737325875627,10
19,7200,6.752601630605124,18.21446311246216,9
19,7500,8.7174414484477,26.978466988861303,9
19,7800,7.021505168622939,18.840715925523426,9
19,8100,8.162917469568137,23.905450144039246,9
19,8400,6.1720967081824245,14.040438193547399,9
19,8700,6.351521214994749,12.281479536270918,9
19,9000,49.991091191933386,129.24649363558973,9
19,9300,60.174184711901226,85.1541701502414,9
19,9600,41.70726676182555,96.39138095295856,9
19,9900,53.005535182534416,242.4380970705026,8
19,10200,31.80139509579226,92.02133267860872,8
19,10500,6.070841734536928,18.577142110280256,8
19,10800,6.042359391771796,17.547347796584233,8
19,11100,6.156102150213996,14.274315642167995,8
19,11400,9.04760771167375,26.352278886639038,8
19,11700,6.998709202314073,12.71574953719943,8
19,12000,7.797511341984522,17.226640172629182,8
19,12300,6.930439240839538,11.25540217108738,8
19,12600,7.907066646930932,31.801426997790216,7
19,12900,5.536259649458078,11.12542627461759,7
20,0,132.91186942721438,212.018318673517,8
20,300,99.4362180409563,149.11674436827036,8
20,600,96.2136529722542,127.08975451607022,8
20,900,35.02636722028306,104.86737344744074,8
20,1200,15.025274248741637,99.87115427668758,8
20,1500,52.921130732972635,94.81326189979941,8
20,1800,22.998987455189617,101.0736272639445,8
20,2100,4.534202708506316,15.290248858020345,8
20,2400,54.68013686555277,103.19513982229475,8
20,2700,8.409867816792758,31.926269166168336,8
20,3000,60.27329384695852,118.43102639826104,9
20,3300,10.780062572662263,70.71418706883057,9
20,3600,5.099143444626647,17.32432528505685,9
20,3900,5.446358460910586,24.16026547010319,9
20,4200,4.914318443548657,15.032328694633737,9
20,4500,15.065400574693278,84.7083374713216,9
20,4800,51.70247428971649,89.3732912869545,9
20,5100,11.79490169594546,61.21173807536458,9
20,5400,4.91474303773372,14.43583413162164,9
20,5700,4.8062140178367025,15.103031875021097,9
20,6000,26.906740840507744,59.25971285359048,10
20,6300,18.855059466203816,75.30488652547733,10
20,6600,6.085521252333899,36.13729312361933,10
20,6900,5.476732928810537,19.58452635517942,10
20,7200,5.108733343632955,16.620439518776553,9
20,7500,4.873229058989682,15.75831855889599,9
20,7800,7.832969835414273,47.67786728841908,9
20,8100,28.67368806338163,101.99825464008453,9
20,8400,23.469588000299527,70.34803003691931,9
20,8700,19.812879712827066,79.58134900711465,9
20,9000,15.886927175279919,58.251008950350744,9
20,9300,37.17617581637302,82.78629922373992,9
20,9600,82.33346197624645,127.59859484725115,9
20,9900,13.219601203169116,80.49083760916258,9
20,10200,5.830048477375832,23.763242250586885,9
20,10500,8.590144695946591,54.11267305542228,9
20,10800,45.92279592803159,77.4196395909756,9
20,11100,8.652477834803989,47.251848899409,9
20,11400,5.999594675621903,26.37782719893948,9
20,11700,6.960298264682751,36.994318020776845,9
20,12000,5.045956003425309,14.430581080549478,9
20,12300,20.542546530611837,84.43303850464402,9
20,12600,49.351173012232145,91.51917332907857,8
20,12900,106.579826477842,180.65932219004583,8
20,13200,0.5451125549538355,0.8802239678933083,1
21,0,222.0754852708975,390.96209987477926,8
21,300,318.4317067516346,451.18920664649494,8
21,600,265.6006756005812,400.54670645856413,8
21,900,84.85733142202139,248.31814653104215,9
21,1200,18.572351735091047,88.8964263750594,10
21,1500,42.24624634749637,136.68934437174792,10
21,1800,7.565520077220096,29.78613605488058,10
21,2100,7.470355628438671,20.357398719587835,10
21,2400,7.110568596212734,19.411050410946295,10
21,2700,7.172874079548939,18.480624095536328,10
21,3000,7.87317205379113,24.685511396278905,10
21,3300,6.303054889839938,10.5203390490916,10
21,3600,7.95112826923055,27.666807482040063,10
21,3900,7.976793121627402,28.7988345103701,10
21,4200,14.252740080314595,99.52261861830026,10
21,4500,8.530742923753024,18.228959033222935,10
21,4800,12.157894799923366,27.067244582373505,10
21,5100,16.76632737852475,111.8403956462507,10
21,5400,36.19174475671402,149.3616613051213,10
21,5700,60.475388442542645,106.38862290619966,10
21,6000,21.713647916292015,95.9727488950712,10
21,6300,8.584684875560493,33.69179362781414,10
21,6600,7.039909718801279,17.917019285323427,10
21,6900,8.13257170152539,21.007975584083248,10
21,7200,6.384296119376737,12.974002963028957,9
21,7500,6.342985946321022,15.546216792639441,9
21,7800,16.80157130958964,110.25400660552809,9
21,8100,8.642018291226133,26.230035301696287,9
21,8400,9.681539566823563,37.70000485663102,9
21,8700,8.093625550804262,26.765228705590957,9
21,9000,6.280945469956096,12.274954665834406,9
21,9300,6.58874773669142,17.596031002938258,9
21,9600,7.25248285114527,19.767161847860145,9
21,9900,28.52072520940104,79.71681444329283,9
21,10200,39.35856224528908,87.94370094925098,9
21,10500,20.489848197324577,101.26408764236234,9
21,10800,8.115615565212916,23.970946569579574,9
21,11100,6.197199990973573,9.981282476183168,9
21,11400,25.89573905795967,56.61661236771984,9
21,11700,8.614537748280732,29.184988495639306,9
21,12000,8.076996076901702,22.03960564684888,9
21,12300,8.706038999971794,23.583065655978967,9
21,12600,6.7371850797378805,20.15599485241034,8
21,12900,6.15235237331927,14.151759326044994,8
22,0,223.03048876992332,270.38210700480187,9
22,300,171.84914894864664,332.48710493623014,9
22,600,103.24874602766039,157.13676028589217,10
22,900,41.009746315607266,107.98916950296798,10
22,1200,10.930965582598308,46.9101772433016,10
22,1500,63.173881890289245,213.95063117784295,10
22,1800,41.444631501500965,160.54540946905158,10
22,2100,50.84500346796011,155.56346525090495,10
22,2400,88.9600400218415,109.0383588338742,10
22,2700,5.182132141085187,11.82167555159898,10
22,3000,28.790366908054956,67.64861377595491,10
22,3300,25.621868624394125,76.67575271205769,10
22,3600,4.944536419305038,9.6891249688833,10
22,3900,6.959421664588991,21.048635898718707,10
22,4200,18.57501646395561,92.01922881237716,10
22,4500,5.9849486379051005,15.450225566091666,10
22,4800,7.023580967474839,19.288911664262415,10
22,5100,63.72968294844667,109.08152123628393,10
22,5400,54.71750472980195,84.01271565264459,10
22,5700,36.77301947286662,112.00264462400034,10
22,6000,6.011693986554392,15.037373759725707,10
22,6300,18.8682548695188,83.04054567596388,10
22,6600,8.742438448722863,52.420422891159795,10
22,6900,14.482904611877283,92.21832974246746,10
22,7200,19.27230450246113,113.35611231842472,10
22,7500,55.32063473979651,122.32622654856591,10
22,7800,7.919042038659054,50.360463196971345,10
22,8100,6.427605501431598,16.366896647948046,10
22,8400,6.941617364524397,27.145038481564992,10
22,8700,40.407992973101706,111.53497567584878,10
22,9000,65.34821932367035,164.52545245652436,10
22,9300,13.561654620178764,99.8860855897264,10
22,9600,11.627313704799162,78.27966140652896,10
22,9900,5.445833266320567,12.360227282049733,10
22,10200,5.366390792291211,12.995319231299337,10
22,10500,5.658308776682747,14.760108443510276,10
22,10800,6.3724378107281,20.95832669952064,10
22,11100,6.893845268710996,24.356236248193806,10
22,11400,7.2712915219231515,44.42871717575144,10
22,11700,6.379546307026912,19.119047592933317,10
22,12000,6.0204285249675635,18.63932108657625,10
22,12300,6.820780618672931,28.381115005014568,10
22,12600,6.158434995178054,21.594240796522268,10
22,12900,5.454491089292752,14.055405919086725,10
22,13200,0.2551528484716461,0.3487034929826844,1
23,0,291.80239798854313,382.9633360899971,9
23,300,224.33107382628606,435.06106967635566,9
23,600,154.54124575799372,283.16971387127495,8
23,900,47.97606868651369,161.54380756121043,9
23,1200,23.787961055551516,139.8554393914763,9
23,1500,17.779825399918906,96.75186835813723,9
23,1800,76.01782420466937,117.01215416481917,9
23,2100,7.40798731736822,28.90621701819737,9
23,2400,81.34416970167374,99.53852397432215,9
23,2700,55.12022373339179,88.24956513842872,9
23,3000,6.957425962356282,27.58399972400638,9
23,3300,6.479492234526735,23.024746739876228,9
23,3600,5.705007044336088,15.396743110149588,9
23,3900,7.527308545188278,27.990576403566013,10
23,4200,10.747883971466143,45.683515129788034,10
23,4500,6.900526183152438,19.65850318085597,10
23,4800,12.214625300326658,57.1094843990071,10
23,5100,9.3422145576019,57.935085955478186,10
23,5400,6.934285747787751,18.811625103964047,10
23,5700,8.944014547356893,32.86576858930755,10
23,6000,62.4158369118805,115.37181482001489,9
23,6300,127.82829906967564,202.88679095346762,9
23,6600,44.99531047282762,106.58120322986076,9
23,6900,6.942235528375233,23.28646442937263,9
23,7200,6.765213275374341,21.26472280142455,9
23,7500,6.557782210871797,18.475351858965027,9
23,7800,38.44916211737535,129.63705273076013,9
23,8100,7.278666659121311,27.87095904245009,9
23,8400,8.455784293122553,26.03922990125733,9
23,8700,6.586605951556586,22.828356445059924,9
23,9000,6.535753551770476,21.180423418833186,9
23,9300,6.716566945147568,18.292642034907914,9
23,9600,5.900318493556866,15.393507643439568,9
23,9900,7.518654994950784,34.83225668411529,9
23,10200,6.473162174224977,18.02446736009956,9
23,10500,6.4610123336669645,20.43696446781175,9
23,10800,7.272842900115533,23.10007405169924,9
23,11100,6.68963234181837,18.709345697675165,9
23,11400,7.66962263022355,29.73367847552382,9
23,11700,7.779568927423551,27.657448189642913,9
23,12000,7.378553311925661,25.264196504822305,9
23,12300,7.705922693856224,25.508779314531555,9
23,12600,6.319210550234374,21.16695607248081,8
23,12900,6.479939157599331,20.230911176242124,8
24,0,144.99076989581525,200.08307411430715,9
24,300,69.36135585942597,160.85189577013847,9
24,600,119.25989314700752,178.52080312902174,9
24,900,44.474558687167665,143.14460782948376,10
24,1200,10.546047229645527,38.76687420341041,10
24,1500,96.13842590443292,320.0731968108309,10
24,1800,98.02782288226346,221.20044993455258,10
24,2100,5.005142120943473,12.245349421171818,10
24,2400,5.261695925465768,14.176257993157467,10
24,2700,4.2749171346628305,6.799486798064342,10
24,3000,4.878803393134621,19.789980886994563,10
24,3300,4.144747118185981,6.7436865894367,10
24,3600,4.833462873431672,9.939085667990268,10
24,3900,5.338170636908599,18.352953765568873,10
24,4200,4.289887937098136,11.7237494575978,10
24,4500,4.140798799659708,6.982458643165027,10
24,4800,46.13275622005128,128.1236325951468,10
24,5100,106.6775292766501,184.2225546348391,10
24,5400,68.06864137435757,195.93041038254384,10
24,5700,6.553138091533843,30.136272580293895,10
24,6000,5.503092410040707,26.761351664761072,9
24,6300,3.695582638556848,5.897765006851777,9
24,6600,3.854902367818381,16.781821767354778,9
24,6900,3.829998510180265,8.387225041447058,9
24,7200,3.9701369978782846,34.33919041870007,6
24,7500,4.266130626439088,8.075665790691495,6
24,7800,29.724829324178906,125.26737406947989,6
24,8100,54.474349040451344,169.2995798594278,6
24,8400,4.767268102969482,25.46927752639733,6
24,8700,4.090495744572661,8.644687245832799,6
24,9000,3.371060783982644,7.491481250505857,6
24,9300,2.962816235102676,4.564240382590234,6
24,9600,4.036983256643375,11.5985599778205,6
24,9900,3.402007060611814,5.67014369500206,6
24,10200,3.024548289792474,4.586113544701782,6
24,10500,3.2709419824626,7.93297524255224,6
24,10800,3.3890756367942267,7.974339250045334,6
24,11100,4.177509298439476,7.474537911235094,6
24,11400,2.9464888333935573,6.424014587480835,6
24,11700,3.2467861215569473,8.41546693328344,6
24,12000,3.4920189304317657,9.580342569285051,6
24,12300,3.927958976116229,7.992780169076988,6
24,12600,12.567272951898829,38.233715158816814,5
24,12900,3.2200318121690117,7.866222524572316,5
25,0,31.20955856899793,90.98363397356997,9
25,300,17.125126379003078,107.24442754406711,9
25,600,27.59406840048932,59.550496307433406,10
25,900,6.108114255944869,18.979542144623462,10
25,1200,6.2482434668625935,53.73454602436109,10
25,1500,7.63110877961883,35.594780556445116,10
25,1800,44.258012008475646,135.28598066011614,10
25,2100,17.661189322088028,116.73241035542269,10
25,2400,99.59274433573907,164.2246491952162,10
25,2700,26.804434984802604,97.53226556493719,10
25,3000,7.3610911722761605,25.128672000872264,10
25,3300,7.624909621619886,36.648256383204604,10
25,3600,5.479490336096895,15.850614100139426,10
25,3900,5.453734954693274,15.683277415801989,10
25,4200,7.5296774253189085,24.69519579510152,10
25,4500,6.735236595991003,40.34201995651102,10
25,4800,31.094937498977693,71.89795872425707,10
25,5100,29.906608938225887,64.24625006961844,10
25,5400,29.23591115949881,67.40395686097692,10
25,5700,42.226196022486896,62.94573810106382,10
25,6000,19.466763661483174,74.02736653422184,10
25,6300,5.810954752949758,22.62322700749665,10
25,6600,7.034203674884717,37.03816457599442,10
25,6900,12.495361210225152,38.24946009693694,10
25,7200,57.2337360729859,113.3251143523166,10
25,7500,157.3838644668407,196.3459077105186,10
25,7800,106.12461152783871,178.49284490507148,10
25,8100,97.0291605883575,123.91656120950442,10
25,8400,15.730755221410144,77.9535328292266,10
25,8700,22.144574795253764,74.63910221814402,10
25,9000,5.475765955512332,17.42366790750407,10
25,9300,19.402686997210388,105.48998062014913,10
25,9600,6.037490815581353,21.346172800188565,10
25,9900,6.573382368169215,21.07223452490422,10
25,10200,5.355010502013522,14.938756351978355,10
25,10500,5.981155533342033,17.707345593761264,10
25,10800,5.071527324151052,13.460529885894827,10
25,11100,5.523183464747144,16.188129640196642,10
25,11400,6.869045372202846,18.334259316628525,10
25,11700,8.506132870692158,28.771459176606598,10
25,12000,6.7117395473178325,16.26761014373984,10
25,12300,28.198878187825734,89.09147605170382,10
25,12600,68.93740791688259,132.54314348987768,9
25,12900,68.39615913319115,129.58480741040836,9
25,13200,3.09295859441274,7.280380755946561,3
26,0,16.247110528140983,54.46079256030515,9
26,300,84.34088768787761,169.84825700877053,9
26,600,65.02962558554151,150.8882121802921,9
26,900,25.482006370291458,85.19673934528996,9
26,1200,5.659922274400904,15.677839916694834,9
26,1500,18.108658331719884,76.74823830070869,9
26,1800,94.27175788458592,102.20903909728246,9
26,2100,96.07085985340906,173.54058536642054,9
26,2400,96.24215548031907,206.46351896516208,9
26,2700,75.88732986381768,101.18872109529192,9
26,3000,7.671314141830542,51.5504433457759,9
26,3300,6.4427064551613,24.3286423705378,9
26,3600,4.838068910037496,10.148526950120642,9
26,3900,5.4582684240429025,13.905119496889625,9
26,4200,4.8512879992370745,10.453517208964195,9
26,4500,4.937145037423699,11.707094733833724,9
26,4800,76.93328402925462,161.80523381934665,9
26,5100,160.34650934393892,224.62389916237385,10
26,5400,110.47708445001868,180.97922068126172,10
26,5700,16.315555441612172,64.5292353747564,10
26,6000,64.38786788708218,117.5479614089938,10
26,6300,116.9663200743335,220.5498941290707,10
26,6600,98.63008490140845,110.59754354337213,10
26,6900,58.190272941203325,124.7152696722509,10
26,7200,9.149921557957514,80.52006399788496,10
26,7500,14.140863008628207,88.06484262238915,10
26,7800,6.335680277677149,19.064041190242733,10
26,8100,5.602522187594793,13.096606647175587,10
26,8400,6.9079927217299755,23.91939151993397,10
26,8700,6.109693302803021,21.27696782015403,10
26,9000,5.434151178041021,13.304958770464639,10
26,9300,5.512257042075715,12.9058155193921,10
26,9600,5.884365148165152,17.460918002720803,10
26,9900,7.117573099454237,23.883439551963033,10
26,10200,5.654230365995701,14.404777189913087,10
26,10500,6.774433656817351,24.687425794033125,10
26,10800,6.040064281689135,15.427656307364575,10
26,11100,6.00157070833583,18.150326318672207,10
26,11400,5.6030285461680105,15.88750961507279,10
26,11700,65.4313073075882,186.2409549238725,10
26,12000,66.80337468163452,183.05484682971317,10
26,12300,5.530505138766819,16.57103636528687,9
26,12600,5.189787471645145,13.45376100411861,8
26,12900,25.382697679330942,96.1916054968378,8
27,0,206.38145293066262,260.5476787146531,8
27,300,119.04924573657259,159.6192204290828,8
27,600,118.7443203523621,164.72882696802398,9
27,900,84.56449418547922,154.3301391608114,9
27,1200,18.729849535701426,96.00219609912683,9
27,1500,36.63260875344113,95.17037951114865,9
27,1800,7.23193775168405,73.13472669165995,9
27,2100,13.405567361743927,47.24654880163949,9
27,2400,67.66457311388162,174.23449959867548,9
27,2700,5.321803720128185,28.350350004308872,9
27,3000,4.097961536929232,13.698158793068044,9
27,3300,5.251667031556167,21.53342868765377,9
27,3600,4.639277075589861,19.12997286677894,9
27,3900,4.1476770857580485,13.950973056670565,9
27,4200,6.249862032750992,22.220369415292204,9
27,4500,4.306113048063125,14.404200724754268,9
27,4800,4.1540891294190425,13.823500894323745,9
27,5100,4.832848091229663,22.41052213457306,9
27,5400,53.41291737333699,93.19103661124758,10
27,5700,4.8299703543974575,14.955095194498572,10
27,6000,4.576007948297242,14.953422808941527,10
27,6300,5.05215899782559,16.875273763581355,10
27,6600,4.503212077633079,14.22576492895453,10
27,6900,5.266610043149859,24.598890149230044,10
27,7200,31.674277298990233,73.45192744995691,10
27,7500,52.45961904331069,84.62647090274048,10
27,7800,44.592554661919166,129.34179430348033,10
27,8100,4.882225721841652,17.16425139590703,10
27,8400,5.658303010962665,29.45084377285586,10
27,8700,16.12398400145501,76.17558724621762,10
27,9000,9.795630287413777,48.11243950243727,10
27,9300,5.190234882230112,20.15785705162009,10
27,9600,4.984500982176286,17.983881559184123,10
27,9900,4.573186863527505,14.059116641080207,10
27,10200,4.945151967118789,15.491577707859907,10
27,10500,4.47614155646665,13.125625265667091,10
27,10800,11.998725215758867,82.279670906565,10
27,11100,24.919493174393217,94.58439336617613,10
27,11400,26.809456710764884,88.14818992932284,10
27,11700,7.2340449837301435,24.58313154036926,10
27,12000,6.56090924597692,19.787504584278437,10
27,12300,8.106704006068986,35.76029372980721,9
27,12600,5.71981477975699,27.39748457797123,6
27,12900,3.9195997670665097,17.91366308599889,6
28,0,20.63889884819329,59.92349116910055,8
28,300,76.58097775768559,108.80650619871324,8
28,600,50.657643230321625,102.5401233671085,8
28,900,25.643038698829933,61.24009968134765,8
28,1200,3.682243359649966,11.732641764657908,8
28,1500,45.523716252360074,208.06600780235974,8
28,1800,5.519894217553337,25.242084838571323,8
28,2100,14.216382612999796,32.09462110221807,8
28,2400,8.229945073079094,39.3834022135791,8
28,2700,33.76024006180156,62.210396712899424,9
28,3000,101.56790949827537,197.74587246943614,9
28,3300,100.74166816578138,158.16112269898397,9
28,3600,4.73064571834375,19.015093395074807,9
28,3900,4.654679854956,19.489593293902658,9
28,4200,3.4840428428638512,8.801007965725999,9
28,4500,14.946760855036791,79.04270732035938,9
28,4800,82.59020994313919,110.47079243194466,9
28,5100,12.880405298865037,101.391002559301,9
28,5400,31.114749049879414,66.92479366158123,9
28,5700,44.7998163511092,63.135375333517715,9
28,6000,3.8381039380643664,12.236953879635145,8
28,6300,5.775694347349622,14.953940166933101,9
28,6600,5.434851321743751,19.772957881582638,9
28,6900,5.531987586491972,16.949856586956916,9
28,7200,4.41125926620278,9.627390061880192,8
28,7500,4.928391953657293,15.361131806354688,8
28,7800,4.656783602190314,14.052315726046594,8
28,8100,27.41275113284299,104.3766477777754,8
28,8400,4.989783661021088,13.179705136299418,8
28,8700,5.503136209552848,21.329079780137697,8
28,9000,4.20178688877307,10.844344232354473,8
28,9300,5.045174973182408,11.130183082605651,8
28,9600,4.477540282007361,13.513869293629517,8
28,9900,9.912867246910409,54.45053154795778,8
28,10200,4.333708451553616,12.498292320153059,8
28,10500,4.566483191225856,16.46307947012151,8
28,10800,5.006252690435412,13.144944225776872,8
28,11100,4.981251817486923,15.85139898802823,8
28,11400,4.3127519181317355,9.367601923907532,8
28,11700,15.759070963817512,53.41737595295796,8
28,12000,48.852570240085264,58.24704198000776,8
28,12300,107.89130421743819,207.7947131114674,8
28,12600,73.73784538644723,340.79996568032624,8
28,12900,161.67862058689687,267.9556877586859,8
29,0,162.05552856618053,243.3818981398848,9
29,300,85.40665175721423,197.71529447599596,9
29,600,113.97859229384369,167.4840742579801,10
29,900,60.25760598992694,267.8629458389521,10
29,1200,89.69676063367362,289.95522652244233,10
29,1500,172.14260011594828,382.55627750470563,10
29,1800,111.6153193294177,275.82440784860535,10
29,2100,6.280493725398758,19.35272513817754,10
29,2400,72.60868694493254,113.93756160978262,10
29,2700,6.466283284317007,31.329194645780767,10
29,3000,6.038350827574436,18.09547191527262,10
29,3300,6.817139609220748,23.006576034824334,10
29,3600,5.86270662042495,15.825545326680391,10
29,3900,5.799248231670805,14.382319640650007,10
29,4200,10.799929836583152,45.42604797381524,10
29,4500,6.214243970014915,18.0029939953758,10
29,4800,7.851204660377873,37.48870561311808,10
29,5100,51.40745265853894,111.594745965312,10
29,5400,17.797488585295437,115.85348016357078,10
29,5700,6.402767078915819,20.39369707908614,10
29,6000,7.764065814813926,46.19295612900214,9
29,6300,6.7667350353660884,34.70485366392348,9
29,6600,6.203616592634249,22.02899626030219,9
29,6900,5.0634095901012826,14.300738352591813,9
29,7200,5.889549774168492,24.6385694098919,6
29,7500,4.894138684770017,13.761328834810643,6
29,7800,7.765889542317518,59.076973971226664,6
29,8100,7.963621776159478,26.800274640132155,6
29,8400,6.006429223503873,26.404284063800546,6
29,8700,5.953297670297333,23.49863911981721,6
29,9000,5.473536195158275,20.460796945449665,6
29,9300,5.579155808582489,20.018872996246348,6
29,9600,4.823440225698879,24.055726461741777,6
29,9900,5.508582487884413,18.74686634572727,6
29,10200,5.54829224038462,22.78404333357832,6
29,10500,4.673802993959342,13.710289542932642,6
29,10800,4.625905484173562,12.205095687491118,6
29,11100,6.084520791917664,25.72299230061157,6
29,11400,5.339667075201985,27.322481601771592,6
29,11700,6.613944471440997,21.707175100267982,6
29,12000,5.464084343567081,17.955578399929863,6
29,12300,4.973293642134222,17.650208432102367,6
29,12600,5.64732302106772,22.3359620069044,6
29,12900,4.794010863500224,15.30227044492142,6
30,0,81.17352149617646,109.46041860605685,7
30,300,27.06801189067188,65.47057415063107,7
30,600,17.830099448484738,69.07121842333689,7
30,900,11.01653060725827,50.03732015694107,8
30,1200,9.19266506743355,47.01502515304046,8
30,1500,61.927601447337935,215.18568802121825,8
30,1800,154.84552430937003,261.3411457569136,8
30,2100,54.19148245094322,162.19496157731336,8
30,2400,121.70088474180662,169.04608819291613,8
30,2700,110.58166735499,206.82883806938636,9
30,3000,58.610331190930964,141.98244371607447,9
30,3300,17.350884726443475,81.6911874935159,9
30,3600,17.73434504427629,101.85307363225428,9
30,3900,4.9893966586546235,18.759377615868512,9
30,4200,6.891725267399036,35.72287676356666,9
30,4500,4.385574991833784,13.85751226677643,9
30,4800,4.453679875461625,16.775809592139353,9
30,5100,40.64346135276152,67.56751035868415,10
30,5400,63.21518382600445,152.28115099843362,10
30,5700,5.207011732146682,16.501070835042803,10
30,6000,5.532212557740866,21.54252343023935,10
30,6300,6.512786641558472,36.67286800634399,10
30,6600,5.7412487201286355,26.236897449152252,10
30,6900,5.552622763780098,26.153838114573336,10
30,7200,5.591054751810754,22.54348329149132,8
30,7500,7.966704820467674,40.348180949417994,8
30,7800,76.14394353695148,138.2065290994657,8
30,8100,4.368988279378084,15.030577098048626,8
30,8400,5.0636724929671715,28.94654880922002,8
30,8700,12.409916871610575,58.53438271139236,8
30,9000,4.747459170131023,14.83427739270323,8
30,9300,6.157676859846697,28.54813874016469,8
30,9600,5.226311736097027,18.51281698653356,8
30,9900,10.96591728030564,54.926726763736994,8
30,10200,4.54676978579476,15.701284034369747,8
30,10500,4.339913639585753,16.02601524105632,8
30,10800,4.217070190377798,12.93309957068348,8
30,11100,5.188594189253806,21.629436134249936,8
30,11400,32.70406842868935,119.07037136286726,8
30,11700,42.879134036325695,110.78617508087513,8
30,12000,4.335926566852732,20.22800117028445,8
30,12300,13.857808541372206,66.85524933663427,7
30,12600,23.647190956355544,67.20281010755139,7
30,12900,21.132029832356604,71.2720436309589,7
31,0,85.3587446952475,107.4133592686228,9
31,300,88.53846770655832,100.18904970294396,9
31,600,73.11083718223585,97.8745700246147,9
31,900,30.74133367024471,95.81689977162662,10
31,1200,7.931502811843622,31.947468853883954,10
31,1500,110.69942894525822,410.40443814654157,10
31,1800,149.5223247310883,225.10817856489683,10
31,2100,44.882963610487856,197.0456418812174,10
31,2400,4.597625571612252,8.145049516357112,10
31,2700,46.96204193195573,68.47315209869915,10
31,3000,7.254707212531641,26.48116339491149,10
31,3300,4.999413769398241,10.92256568535089,10
31,3600,12.906552326026823,75.1834524005171,10
31,3900,5.486967908758025,14.843373915644017,10
31,4200,11.235232597176111,58.27930036915876,10
31,4500,50.36509156914903,102.79491657306748,9
31,4800,11.01700960234306,38.93981154410852,9
31,5100,9.702700656348334,45.20104412597398,9
31,5400,10.376197632000787,21.961565293545657,9
31,5700,12.115777928167487,27.827518734621435,9
31,6000,22.949653862770113,60.0738276689851,8
31,6300,5.2583084584518485,18.43297008174611,7
31,6600,16.615538737464064,54.90267588177042,7
31,6900,4.066213327572666,8.644825789370346,7
31,7200,4.4740071235299474,17.021409267685414,6
31,7500,3.927311338141169,8.209120774914952,6
31,7800,17.902750727850126,91.6829502311906,6
31,8100,3.945197653118032,8.259212085432766,6
31,8400,4.491381513599133,11.47508112274207,6
31,8700,4.169894034941975,11.495044221037121,6
31,9000,3.7442842878084197,6.92453308596994,6
31,9300,4.6828656759147105,10.269939682914686,6
31,9600,3.9816695177331964,8.621500115807258,6
31,9900,3.983344165404925,8.51853051213719,6
31,10200,3.619293983311695,6.270571177753535,6
31,10500,4.254648731811498,11.346496195601695,6
31,10800,6.342900408347171,29.87095075928016,6
31,11100,3.993260214133241,9.0639433283665,6
31,11400,3.5303765886442404,9.058925459077983,6
31,11700,4.593855337811985,12.60960876285896,6
31,12000,4.44907167325213,8.955291198765085,6
31,12300,3.651858406861712,6.051288457173305,6
31,12600,6.379752305547619,27.280351367914523,6
31,12900,92.62638928742301,115.17441296347639,6
32,0,78.96659106458769,115.45461920905989,10
32,300,95.29344680748048,103.40268734416809,10
32,600,96.92733855517938,104.76557607212852,10
32,900,54.62291971769854,113.54796790134893,10
32,1200,4.972075368236087,18.485608291239906,10
32,1500,37.145599586261596,128.42336110281894,10
32,1800,126.00242918868948,221.37220495742756,10
32,2100,4.19416163536731,11.187578104475865,10
32,2400,3.5321461268466505,7.631420856022214,10
32,2700,3.7532001333269007,10.290534532950572,10
32,3000,3.592394345904831,7.933575548503688,10
32,3300,3.893120059919032,16.498858064325674,10
32,3600,3.8424907810589355,16.063155084210948,10
32,3900,16.338687021957096,39.57571346018456,10
32,4200,28.383418940894153,84.51541941888226,10
32,4500,14.030499877513776,45.16293950698485,10
32,4800,32.74522570132323,78.59814386422727,10
32,5100,63.08642535458189,117.60572307935333,10
32,5400,98.34131689925547,187.78414895661567,10
32,5700,21.633372373205127,92.8213097882891,10
32,6000,3.6801079557590426,10.34861338568511,10
32,6300,3.7801858086322513,10.374555782291745,10
32,6600,19.090838145069558,51.510701464822546,10
32,6900,46.131232378071665,126.80534138494627,10
32,7200,21.466576821024937,78.26796981087945,8
32,7500,28.262948724815768,99.23305506533926,8
32,7800,3.617145473165983,11.969602888117773,8
32,8100,3.9206916818893083,15.203276687265433,8
32,8400,3.2802792827188783,8.490792167924674,8
32,8700,3.5169465762997634,9.595540390395856,8
32,9000,3.8357797687598114,15.757073670371163,8
32,9300,12.208070715140778,56.81596132417556,8
32,9600,86.71077647829983,111.50974230280613,8
32,9900,83.587520009949,132.25698208841075,8
32,10200,36.78378523124914,86.03771038409829,8
32,10500,58.37754367134902,110.70160321593048,8
32,10800,10.501628070195265,79.09966670628963,8
32,11100,3.6460333573760204,8.874631538362438,8
32,11400,3.235910598313925,9.1717120510101,8
32,11700,3.3299867772367744,7.792119810350776,8
32,12000,3.279421659099762,7.056990746290696,8
32,12300,6.413740106723679,24.31822314397919,8
32,12600,13.52950895717929,46.68653024326235,7
32,12900,27.233965932392696,66.38978494718742,7
33,0,194.26354791977155,288.57829038558907,8
33,300,80.52615533020372,252.94601195455675,8
33,600,85.93536886030769,124.4424935165758,8
33,900,83.39573263541706,197.34093122194025,9
33,1200,13.804231810435565,50.42712868855346,9
33,1500,32.69401342004735,119.4182072767784,9
33,1800,10.271238148969712,55.36100323354771,9
33,2100,6.0812694445852795,11.866710128521163,9
33,2400,55.588408296432625,105.14067684757111,9
33,2700,30.97729121982657,122.97457241554531,9
33,3000,51.654835645530724,107.6423389273542,10
33,3300,14.843564244431526,61.364938613026446,10
33,3600,7.129417884162811,16.97882418364824,10
33,3900,6.99026359882313,17.530420011849674,10
33,4200,14.088292546454324,60.33710431185867,10
33,4500,44.66285766090875,59.00756526697614,10
33,4800,11.948016007558643,47.139924878718844,10
33,5100,6.647147452875431,21.233110422405684,9
33,5400,7.608261899087612,31.99186574637921,9
33,5700,8.121916623184099,39.772229331319515,9
33,6000,6.643926547138131,17.954019712292407,9
33,6300,8.462225309594064,41.93861758208382,9
33,6600,5.314717187199725,9.179963640004118,9
33,6900,5.858543964445904,13.989514582642387,9
33,7200,30.966904592487122,61.295732313255314,8
33,7500,51.45132789932257,152.4079041848791,8
33,7800,29.95618410757601,76.76820680825404,8
33,8100,6.677651639377096,25.415914422834703,8
33,8400,6.638935995604273,20.026298277145763,8
33,8700,6.107059058923265,16.62340301987173,8
33,9000,5.13163744967239,9.724327796839992,8
33,9300,5.472296126000166,12.099383275817639,8
33,9600,5.060158011108382,8.242559021447073,8
33,9900,13.41803606314971,61.540722292544594,8
33,10200,5.509761409669238,10.725802613009101,8
33,10500,5.161220071298366,12.093517109171785,8
33,10800,6.2030551697307486,15.555325807854228,8
33,11100,22.93259207393831,112.72136269397897,8
33,11400,70.38287957660471,106.65869690407604,8
33,11700,29.594604074317935,114.28063733933881,8
33,12000,7.173403187171903,15.166852743449384,8
33,12300,8.176929296243323,21.80477263965849,8
33,12600,5.332239339387531,12.57653176169083,7
33,12900,4.779817871885559,8.71995187176996,7
34,0,98.35925512365516,149.8329507525223,9
34,300,67.85720041146976,184.44172445085565,9
34,600,88.75733915956152,130.35187368587012,9
34,900,33.802294858249006,80.0194478913449,8
34,1200,33.70608492503864,109.40159787405224,8
34,1500,21.05932261280539,113.4573696938939,8
34,1800,115.06145888762642,204.78091623497886,9
34,2100,85.997446102543,180.83344285125364,9
34,2400,6.594127106555678,21.617091090996148,9
34,2700,5.989941790544453,19.224975625834766,9
34,3000,5.83571236068588,12.264847424978301,9
34,3300,6.469304800701234,18.510887229154235,9
34,3600,34.13710338264825,103.203842837545,9
34,3900,5.867343840764369,14.252628837853848,9
34,4200,17.10760871333179,77.33366435693631,9
34,4500,6.605183822200346,17.204367214701122,9
34,4800,6.990155954502138,12.324774785405483,9
34,5100,6.032860829607449,12.033343138564556,9
34,5400,6.990110195799527,22.994527181548875,9
34,5700,47.21265693877248,106.73444325733837,9
34,6000,32.99505243154615,111.3347827249068,9
34,6300,11.310991892372106,82.02242077256271,9
34,6600,5.20359654474605,7.972682406955673,9
34,6900,5.762068999712396,13.950871193934587,9
34,7200,5.330545480916817,10.656863379128824,8
34,7500,7.98757911784843,33.858160340890194,9
34,7800,23.509344952233118,66.15784976163941,9
34,8100,6.9163712793626635,18.856672638224858,9
34,8400,6.549315933888197,14.101486660136523,9
34,8700,6.322816292230135,15.095659988225949,9
34,9000,5.914249520739133,12.640493468947131,9
34,9300,6.854775387630921,19.698028131393375,9
34,9600,5.395837124691376,7.660239905631644,9
34,9900,26.465949209977843,76.27797774387166,9
34,10200,48.42876128030635,159.36692139224323,9
34,10500,24.080192228277653,80.56665218076877,9
34,10800,46.55897639235481,71.96182140712722,9
34,11100,14.547514357314306,59.86375717873359,9
34,11400,5.634190155603919,9.74429221143802,9
34,11700,7.2367549167473655,23.78789768020974,9
34,12000,5.824431898159935,15.678083338556528,9
34,12300,8.228048785124942,21.208330743654297,8
34,12600,5.137392795703068,12.410594716134009,7
34,12900,5.706063750291367,16.900813875506483,7
34,13200,1.0017043627022928,1.2593421445692403,1
35,0,104.83865279547904,176.0557804950045,10
35,300,80.16937638051976,253.71067426241683,10
35,600,203.38337504245277,259.34789148825814,10
35,900,120.77793216246421,186.76833098672606,10
35,1200,15.161519225263318,66.31258617002942,10
35,1500,52.673627345338616,114.86567675597999,10
35,1800,5.7721235355305645,15.503949185815356,9
35,2100,18.828478168644207,106.66957459083677,9
35,2400,72.09288951019833,106.94578460120624,9
35,2700,5.752250939377469,21.56699662001355,9
35,3000,7.933067256883252,24.52830416773879,10
35,3300,6.756091682183118,20.25994049914554,10
35,3600,25.313528202205568,77.07488533837079,10
35,3900,7.523436765100767,25.8298797643009,10
35,4200,15.732299046269699,96.33518189566152,10
35,4500,7.106644738283697,21.977218566654862,10
35,4800,8.313163128725837,22.178201820217247,10
35,5100,12.616866381293661,83.45636987830638,10
35,5400,83.24848966115016,141.98227315318005,10
35,5700,80.26955073988739,145.36676545304712,10
35,6000,20.002126757061156,108.8239422764861,10
35,6300,7.081894717278237,21.75080148707569,10
35,6600,9.252514774913475,42.94700993073069,10
35,6900,6.847837111821557,20.482553439827022,10
35,7200,7.630005397788439,26.489424016517837,10
35,7500,7.977907105680641,28.56476195185693,10
35,7800,6.825577248724618,22.977227612198032,10
35,8100,13.856925222292613,79.26764121164095,10
35,8400,12.784030924741135,66.57939521593951,10
35,8700,46.22784346210569,73.1061409421791,10
35,9000,12.447222112119436,95.5223726058547,10
35,9300,39.605571545158035,134.39797792938995,10
35,9600,17.854752893397666,117.7424968988037,10
35,9900,6.90128882446775,17.442732457127022,10
35,10200,7.468144570241859,25.47771820464548,10
35,10500,6.43295339983698,17.59381932257735,10
35,10800,7.582602184376457,26.333233378313878,10
35,11100,7.747467060380082,28.414335198818712,10
35,11400,6.605680591213713,19.717419192049796,10
35,11700,7.8123327086320575,26.256295595167526,10
35,12000,6.940630977992933,26.295674663665924,10
35,12300,6.91800561392387,20.253752655808068,10
35,12600,6.571933192262038,24.486897663610442,10
35,12900,5.86779767925512,15.814231162696696,10
35,13200,0.7346147048807887,0.9561040726283012,1
36,0,29.778295067997846,100.42969668002254,8
36,300,55.259423805846026,121.70938105022681,8
36,600,90.19581190792906,189.5001932768416,8
36,900,16.213995785945727,68.26159340249774,9
36,1200,8.791502511573956,30.83204277721187,9
36,1500,13.670655706634957,63.55246040000092,9
36,1800,34.716586835370535,123.56799568690512,9
36,2100,8.02262268608888,23.872291494523473,9
36,2400,6.139248755416455,15.054129684762932,9
36,2700,6.608231356590883,14.731187320856671,9
36,3000,15.497395633023096,44.10231687872581,9
36,3300,7.139481901157875,16.249567068210094,9
36,3600,7.663900819696869,29.33060248802729,9
36,3900,7.186648660472885,19.59407620263276,9
36,4200,68.62775348360005,168.45537281892786,9
36,4500,59.11747324287647,81.52764958662416,9
36,4800,44.77824880591946,86.20724373718915,10
36,5100,18.650680860330024,109.88819510497679,10
36,5400,68.84575874324611,129.38103392566495,10
36,5700,84.09970080157608,120.51353302744072,10
36,6000,11.814701889428122,30.838456271948633,10
36,6300,7.174871447561319,14.998585437662324,10
36,6600,6.711403372225407,13.790220615960235,10
36,6900,7.249494589445238,18.744597876974158,10
36,7200,7.464986372500217,23.95956045879267,9
36,7500,6.367309953686582,11.807062993916206,9
36,7800,26.61998731330927,79.45734729789287,9
36,8100,42.09583669347528,141.56698257477558,9
36,8400,7.829411017216037,21.74207535293897,9
36,8700,55.126036997436145,169.25972304471804,9
36,9000,114.19857894961763,171.66005902089597,8
36,9300,28.53068031653783,97.38206191883717,7
36,9600,4.157769834097212,8.988857161634883,7
36,9900,3.946024139746875,8.45851960024028,7
36,10200,3.592980300702629,6.442230878826385,7
36,10500,4.433977993725974,14.03482329565396,7
36,10800,4.395600505114111,13.41654113449758,7
36,11100,7.399403239043258,42.72037420817013,7
36,11400,45.50453369130437,58.889375856010616,7
36,11700,10.449999857062846,42.613814187486234,7
36,12000,5.337132415075746,21.392498860194166,7
36,12300,10.95232108904705,69.51036038255195,7
36,12600,28.314302492686206,74.98754773925776,7
36,12900,36.1697812951716,59.61380924048378,7
36,13200,0.8032692539373266,0.9527238228528844,1
37,0,38.26221622749608,111.98514501947972,9
37,300,94.95413115138015,161.91046572757736,9
37,600,35.53260736261923,114.92337550760101,9
37,900,15.402761083712038,92.0624369640066,9
37,1200,32.650766100918915,128.2302188725803,9
37,1500,17.84680428327886,95.79194591288905,9
37,1800,114.7752767215793,224.8652849237361,9
37,2100,4.972921132025938,22.337275514027183,9
37,2400,104.35892425378346,192.91011163012362,9
37,2700,5.525459569700451,30.47431894190668,9
37,3000,8.708976990277696,54.025619635547976,9
37,3300,55.64686050128615,91.5340587868622,9
37,3600,62.866184794575226,107.73219790237637,9
37,3900,15.746423924467814,105.43697745164725,9
37,4200,6.192502289759421,34.04004761227321,9
37,4500,6.789675540201938,33.235614891655686,9
37,4800,8.901921217120819,61.89804292268905,9
37,5100,38.35220806850269,120.10065490597658,10
37,5400,59.62346363346759,117.53007530708416,10
37,5700,5.84670437304466,25.242026767726273,10
37,6000,5.284488301303202,23.771062880940512,9
37,6300,4.733959041450699,19.490529155261942,9
37,6600,5.437356630201614,31.63806256891245,9
37,6900,5.281882680890524,25.708846679443546,9
37,7200,5.207296902253739,22.81021863410518,8
37,7500,6.153079868676916,28.719369678709704,8
37,7800,4.9165087588214496,26.657108855618624,8
37,8100,4.853178999880225,22.98347829893877,8
37,8400,6.820595443100853,35.485965759270265,8
37,8700,17.530584964414714,86.12994925566663,8
37,9000,4.976650593067875,23.233276567946824,8
37,9300,7.351335268555118,52.969944402029356,8
37,9600,5.290410467397353,25.597201786778967,8
37,9900,4.7357358979212805,22.33850557134445,8
37,10200,4.605104512643973,20.380815245488286,8
37,10500,4.9346254026968115,24.351264062176895,8
37,10800,4.864707522733106,22.103111024081116,8
37,11100,5.034731548712689,23.164738759240215,8
37,11400,4.88178297511139,24.770006680869706,8
37,11700,12.511302395007446,64.64518400576772,8
37,12000,39.35271165872133,142.19720332535903,8
37,12300,55.80941615188296,160.82930818045972,7
37,12600,52.81641349596071,243.14973458963792,7
37,12900,93.79521998899766,222.0617338374215,7
38,0,26.97311614300706,94.12188016303693,9
38,300,79.67020373498197,106.64334016901054,9
38,600,52.83349662162256,101.40772122644269,9
38,900,26.575247241448686,100.3215183605327,9
38,1200,17.87776959265692,97.77925928314875,9
38,1500,52.57306068298834,260.6357720833435,9
38,1800,101.94641109256574,119.60706766583444,9
38,2100,129.4358328648278,252.48969869244144,9
38,2400,54.88318454358981,217.3570798679682,9
38,2700,4.323688017368388,11.756278457119521,9
38,3000,7.97023278013349,45.463964392772766,9
38,3300,4.672074572314519,22.54346939970018,9
38,3600,5.064032926031673,51.12310527294017,9
38,3900,4.260534619865831,15.342693184334507,9
38,4200,3.884571842469683,8.294924559023904,9
38,4500,4.032247719115667,10.827554925595631,9
38,4800,49.561318406085775,101.23928848660381,9
38,5100,126.84387318121527,173.54164075596228,10
38,5400,104.15956918343085,181.3868505779215,10
38,5700,12.467108072999418,100.79599195810216,10
38,6000,91.3705654842757,184.12003168940026,10
38,6300,108.72162556646417,138.6828334601685,10
38,6600,49.66047406212434,105.02994624024885,10
38,6900,17.919203379018267,115.15426518691218,10
38,7200,11.567656223210266,108.18863125372012,8
38,7500,4.166989666624512,10.777902283895289,8
38,7800,4.098773675859204,9.73551438150719,8
38,8100,4.250574428512802,11.53208903046988,8
38,8400,4.8803700415471845,21.516519637736096,8
38,8700,5.570383847593961,32.98684172991756,8
38,9000,5.03110339902968,25.979744619462178,8
38,9300,4.385797320444157,11.635469510885464,8
38,9600,4.280203995702839,15.237222207684946,8
38,9900,4.21824720225995,13.27266651155101,8
38,10200,5.9618113936230355,38.55957318052593,8
38,10500,6.490094714953315,46.42243883886021,8
38,10800,60.49557556412018,104.27427979741286,8
38,11100,45.6120054481744,104.36743175527948,8
38,11400,43.38433839798025,103.55758899697662,8
38,11700,20.765751037301804,63.06519606530756,8
38,12000,24.926189466791268,67.34146718242859,8
38,12300,66.76163569735499,132.07047967694214,7
38,12600,45.48024481359644,86.77400617157859,7
38,12900,62.66682868052797,122.2075261710921,7
38,13200,0.8524938285361976,1.0167521760433502,1
39,0,6.797500958946704,18.877659898242104,9
39,300,6.271513943133055,27.68303338387705,9
39,600,7.142059176450783,30.389618423528447,9
39,900,9.47273415400088,48.04962304957301,10
39,1200,39.610219929316656,179.49913038031158,10
39,1500,129.5053846371303,312.6514607843933,10
39,1800,126.7967340223477,233.91649994144228,10
39,2100,6.311733179701844,18.71442435307131,10
39,2400,89.2072280023416,112.24690167369093,10
39,2700,61.692736969503144,100.1125411788393,10
39,3000,7.132788641229999,29.912203265301258,10
39,3300,7.697685158885488,27.297048360850788,10
39,3600,7.405380040990311,20.32541823247979,10
39,3900,6.412796904868678,26.812443719470483,10
39,4200,6.130753464368244,26.1982268996118,10
39,4500,51.89395643314373,81.9232611557379,10
39,4800,72.155451888964,170.87064083967635,10
39,5100,96.39115271432541,109.40407804771448,10
39,5400,65.48241153657638,156.58578284706016,10
39,5700,57.76893853173773,198.5016072603732,10
39,6000,8.399012622747215,28.04502206306013,10
39,6300,6.604399154383168,18.523324067954295,10
39,6600,6.953011043567516,26.290687117512796,10
39,6900,7.067430228889469,27.148793247013998,10
39,7200,7.451783842191616,31.801864797459906,8
39,7500,6.839135205358045,20.721938048092664,8
39,7800,8.163279250309484,49.673369951809136,8
39,8100,6.3408375588157115,20.8689950954813,8
39,8400,6.443644107307868,21.49393431582413,8
39,8700,44.06319371469081,106.20912238800098,8
39,9000,101.12707795392535,192.68689792662738,8
39,9300,70.17159960647619,203.7394479367969,8
39,9600,81.53542915615903,113.37895552397337,8
39,9900,7.077088958412752,25.53535472028563,8
39,10200,37.5523950968447,140.37098568112452,8
39,10500,7.591954811873251,27.821510979017866,8
39,10800,5.708554602643056,15.372897095351782,8
39,11100,15.97989517690298,79.11689381686996,8
39,11400,6.092109148754084,26.819567040822108,8
39,11700,6.464089800509927,25.673637809849144,8
39,12000,6.009724996331654,20.148613723901654,8
39,12300,6.273180074962449,16.882398938572482,8
39,12600,5.836491375191709,15.24785284504923,8
39,12900,48.110601393060165,115.98673672033912,8
39,13200,0.7976489162123319,0.97430630446727,1
40,0,182.43921324913651,202.86884740566717,7
40,300,169.58974260626647,286.6717129236082,7
40,600,91.62008756531066,195.84975398425206,8
40,900,29.617049776341922,86.8035031174034,9
40,1200,22.71371475775081,137.56557790194987,9
40,1500,56.13247161513071,214.4031937163577,9
40,1800,64.41385636943531,139.04905021329708,9
40,2100,12.690665658819388,59.717462448349735,9
40,2400,72.60891929056903,112.41410902617442,9
40,2700,8.183903733790736,39.90424072174022,9
40,3000,6.037552380346741,17.334867706651128,9
40,3300,33.6044260541189,76.93953149800815,9
40,3600,16.103136903892192,77.23505542065398,9
40,3900,13.699280148258666,75.60078092129253,9
40,4200,10.830663404200461,56.211814557307086,9
40,4500,5.80516270216174,17.83591987994651,9
40,4800,38.39439305923923,65.6582210236666,9
40,5100,59.8812607408067,129.30625389464936,10
40,5400,66.02898133772058,98.37508155080671,10
40,5700,8.26547024520874,33.85171883285865,10
40,6000,47.61599289014602,84.1789549664034,10
40,6300,70.6494470575457,84.09170535168309,10
40,6600,33.998693844842364,80.54268776645289,10
40,6900,6.627940753023765,21.84560467652268,10
40,7200,6.808481824470317,19.929988396704267,10
40,7500,42.50814178181141,120.75482551269688,10
40,7800,103.59630431924857,169.61961353897848,10
40,8100,8.655155926857434,43.81113155131746,10
40,8400,7.257179606355031,35.402598526752115,10
40,8700,7.694853830272073,25.073764476697534,10
40,9000,42.53670116275698,117.77764327480321,10
40,9300,6.502355908719089,19.87974148757692,10
40,9600,52.76975481764728,109.95472194349743,10
40,9900,7.3044512441608545,23.794172154442833,10
40,10200,6.677232804107077,18.905496983373524,10
40,10500,6.6728302888705,20.744076550244085,10
40,10800,6.887009859439275,27.31530911692607,10
40,11100,8.011058327017185,37.54515344109994,10
40,11400,8.874019803128597,53.55081147504973,10
40,11700,17.30290974227784,80.4077738852445,10
40,12000,6.820953997475113,22.025966815683294,10
40,12300,7.572458543433185,29.198912099533253,9
40,12600,5.297321050809644,13.944297762511862,9
40,12900,6.323516547410944,23.51330283636121,9
40,13200,0.871074799906727,1.2890339226632943,1
41,0,182.9396852429775,240.6753282973914,9
41,300,132.15220600289544,207.05487604624548,9
41,600,42.42758740217919,103.32748770157284,9
41,900,6.692932520916996,32.95545125394076,9
41,1200,7.407708164833965,42.97480006662799,9
41,1500,32.766322023418255,148.71308540083152,9
41,1800,91.04938634480109,278.47254428681055,9
41,2100,4.061101456955739,8.820928547585492,9
41,2400,3.682207388965292,7.268852594808033,9
41,2700,3.92018079548531,9.947496189357818,9
41,3000,4.265138454066415,12.18319038649717,9
41,3300,25.205605622822137,104.54710597897788,9
41,3600,7.794806629874656,19.40138335281647,9
41,3900,7.126534052670566,21.616037991199196,9
41,4200,9.325674820767246,29.25591224739343,9
41,4500,4.9627015201753135,26.401357107217443,9
41,4800,31.134005112096233,88.02704906553018,7
41,5100,95.07119269943506,177.28610453880896,7
41,5400,75.12983327686226,254.6778803341729,7
41,5700,2.9110580111075737,7.708993286421978,7
41,6000,4.385969851694247,19.72289861233267,8
41,6300,3.9608085854294988,13.52232601244179,8
41,6600,3.738525657444426,9.587576381357758,8
41,6900,66.07971168433433,168.02056369411622,9
41,7200,29.61583580760908,104.5691551587308,7
41,7500,6.0445217901016814,33.94346331120116,7
41,7800,4.008496448376932,9.588167639791637,7
41,8100,4.3762607605020305,25.574727693480003,7
41,8400,5.299166685990152,17.56514727876418,7
41,8700,4.135042269883469,14.626909393038801,7
41,9000,4.74681803597419,30.987109277756822,7
41,9300,3.8713200689006326,9.005995075089993,7
41,9600,3.8876572093325352,10.287861352837034,7
41,9900,4.741798244204504,25.793565997933392,7
41,10200,3.6010076391593246,7.190296396841993,7
41,10500,64.98983879042224,198.1825746168954,7
41,10800,6.0631216956174985,31.68112149501238,7
41,11100,4.212755498553204,21.288408882994453,7
41,11400,84.13049283142779,100.50317211962526,7
41,11700,4.94555897889541,33.08298695405306,7
41,12000,5.298118756174618,16.40309867718673,7
41,12300,4.654150387976873,19.18102839520694,7
41,12600,4.920773277672145,33.43368268307559,7
41,12900,10.65641360303907,51.84779744922775,7
42,0,88.28237920560719,118.68799637143027,10
42,300,63.753029274812356,116.1455073973483,10
42,600,17.423546108171628,75.9120131067765,10
42,900,30.17738381696562,118.22147747551067,10
42,1200,126.84195552169639,239.69366424733306,10
42,1500,91.2252302244727,162.5316947706124,10
42,1800,106.99767410408305,185.04774274655597,10
42,2100,23.44419781528208,92.76653420406137,10
42,2400,115.30029331460729,194.62596131070825,10
42,2700,66.47633981738596,133.56930454522671,10
42,3000,5.59117871262964,26.662756922587405,10
42,3300,5.140167466289245,23.811249495266797,10
42,3600,4.7515055718580355,22.15695543786512,10
42,3900,5.102677677824957,27.09144288702017,10
42,4200,56.41678624200702,111.80584244407694,10
42,4500,82.57757173713748,161.84549268448896,10
42,4800,11.43302950750452,82.42276531795879,10
42,5100,16.59883773331584,86.92224268147692,10
42,5400,10.237184346583128,85.347253620548,10
42,5700,22.014872724193992,68.4725319131255,10
42,6000,25.74693012033907,73.31873320169956,10
42,6300,19.427675009826338,69.0765839057184,10
42,6600,5.51430914997551,31.58200289261563,10
42,6900,5.196001894143423,23.228406280485938,10
42,7200,4.580007595972988,22.872665543338776,8
42,7500,4.447265308509465,21.058996475742216,8
42,7800,4.686844865944784,25.040894018040305,8
42,8100,5.3166121901979135,30.485776321738783,8
42,8400,5.753620201948026,23.887956047365083,8
42,8700,5.200875879772422,24.171761347825576,8
42,9000,4.901001745460619,23.287644369605015,8
42,9300,4.772261455448433,22.956309359559313,8
42,9600,4.4707205620807615,20.49285891074229,8
42,9900,6.101725072754797,27.006651953536608,8
42,10200,4.332114510475581,19.298352577407236,8
42,10500,4.665804525915653,22.458209221484648,8
42,10800,6.961951748665117,43.16072921355507,8
42,11100,4.405097899112899,21.98986562225027,8
42,11400,4.53487231323584,22.002718361159,8
42,11700,37.28280899723655,130.22353276462653,8
42,12000,97.86469850800087,116.96697439832877,8
42,12300,92.47092873372904,119.10504468859992,8
42,12600,68.87829376158017,101.83094514515899,8
42,12900,65.07904193487182,118.1362375657152,8
42,13200,0.5816806090993889,0.7712966131343371,1
43,0,169.98081500314424,239.1444608762433,6
43,300,162.5301422982606,262.42610657954367,6
43,600,126.09852130572952,221.26771814563398,6
43,900,48.138291284413825,130.778343442118,7
43,1200,28.079426078453906,89.42474307922394,7
43,1500,56.83765991741162,87.55712565523099,7
43,1800,4.988950304771167,15.255385921721771,7
43,2100,5.998888495959429,31.29895203117835,7
43,2400,4.403766477331862,14.401202556095425,7
43,2700,4.053780341843506,9.859440012896927,7
43,3000,50.4323844324748,88.59238043041715,8
43,3300,15.134605240799994,76.56506302943487,8
43,3600,4.102506991164971,7.923928564852487,8
43,3900,5.026590422152079,15.388381676283586,8
43,4200,4.91371435590265,17.132442154253894,8
43,4500,5.657784215988636,15.270688202523333,8
43,4800,7.810584784586108,22.614307708897257,8
43,5100,4.290164391828904,8.45687668944683,8
43,5400,57.10288536125942,98.78961688145584,9
43,5700,24.02131405776741,75.30294204068342,10
43,6000,23.443873609384543,63.858104760262904,10
43,6300,6.08578676654602,24.960203228825563,10
43,6600,4.769950741448711,9.164987630183958,10
43,6900,6.294950576933772,17.32806465803173,10
43,7200,4.7469259929621765,7.907564379353487,10
43,7500,5.809681792799928,19.786015071603234,10
43,7800,21.452868306821294,83.60427554561107,10
43,8100,43.143666827824035,84.33898842516794,10
43,8400,18.870387506866322,92.47019773235168,10
43,8700,51.25952666845813,73.25380278762678,10
43,9000,20.811679716908927,69.71868271496231,10
43,9300,6.40955059572429,21.818951078626235,10
43,9600,7.06864921891696,35.158917335837565,10
43,9900,12.647816454704586,67.28458415530004,10
43,10200,5.702208310889721,16.518855382490138,10
43,10500,5.635952144670554,15.869116968497543,10
43,10800,6.219946517177923,17.585499084786708,10
43,11100,28.375850851972746,69.9725411349867,10
43,11400,30.033473777858656,105.39696487259255,10
43,11700,104.355340629179,168.77485095471093,10
43,12000,101.00046602649452,121.48807200769825,9
43,12300,88.78615548355036,112.31910564826175,8
43,12600,97.75960057001225,113.35231941413979,8
43,12900,74.84757897726365,111.08766153399246,8
44,0,137.57201624101205,201.29984218092383,10
44,300,29.396862127398247,86.28711580731223,10
44,600,24.846343830637974,80.33428261232936,10
44,900,9.3060421769125,55.29355388066781,10
44,1200,7.67337835724029,43.65490612531965,10
44,1500,53.10053840539903,185.52936474899624,10
44,1800,102.89328669742774,227.11307083644226,10
44,2100,66.76931676466342,105.94657900763401,10
44,2400,160.58854748477202,232.12080179211384,10
44,2700,33.54983412295423,118.46922367119517,10
44,3000,7.24633925093216,41.84278905014512,10
44,3300,7.157463102201362,28.85614528141003,10
44,3600,20.616879274985585,103.85296370381218,10
44,3900,6.347594848657027,18.01694535953379,10
44,4200,8.251905651450299,35.967882267874394,10
44,4500,6.424592028358179,29.00209122706015,10
44,4800,6.352787522504981,28.780088138543658,10
44,5100,21.07050453087479,138.2113210385169,10
44,5400,74.7630542694757,218.2352431053685,10
44,5700,61.086394501154324,94.74611155923087,10
44,6000,10.90592973369306,66.10776964079392,10
44,6300,7.178468622690198,31.34867916027172,10
44,6600,6.308718561369291,24.62760419004877,10
44,6900,6.772576064003249,24.472837598957376,10
44,7200,7.363735296872268,32.998230985680294,9
44,7500,19.264567696973508,76.7516743481176,9
44,7800,7.103672110348998,30.844021052961654,9
44,8100,6.225325048124003,31.75828775464488,9
44,8400,6.195160602960083,25.985818058551327,9
44,8700,6.676888170937926,29.50600975169745,9
44,9000,6.194059715979157,22.735962500288327,9
44,9300,8.698087652971253,31.749160289778953,9
44,9600,6.447876753875338,24.9557683170523,9
44,9900,26.910977951913043,79.03873794453638,9
44,10200,42.778874330253295,110.66150461159415,9
44,10500,36.91302828506639,140.29325865874324,9
44,10800,63.08559428049366,114.35369162050169,9
44,11100,47.96144432715546,124.31976929644634,9
44,11400,64.57901305048048,199.62497362034807,9
44,11700,13.093976406984975,77.37897071778836,9
44,12000,6.243622705661201,29.68862464233409,9
44,12300,26.257154584767765,103.52377648561631,9
44,12600,5.396961527766586,21.33623051911368,8
44,12900,7.297692086559899,35.33449761258291,8
44,13200,1.4102310643615217,4.5150744206186095,1
45,0,77.87985442455147,118.76013035585703,9
45,300,72.54773164401963,103.47978560784836,9
45,600,23.833714251661323,60.71576266715158,9
45,900,4.375182449523063,10.793215625008576,9
45,1200,7.641667588577102,24.532461210301474,9
45,1500,62.590315534686916,229.6983489145062,9
45,1800,34.54251594796403,121.93200485862775,9
45,2100,4.480777663894969,15.64148322006104,9
45,2400,4.1493911090204385,8.766223008791568,9
45,2700,4.121431137303051,8.312797812455305,9
45,3000,10.067840310441111,75.75600098601784,9
45,3300,4.568212882895922,15.492667826327263,9
45,3600,5.601009262738461,31.129743911601047,9
45,3900,57.634474332573554,72.0700986913043,9
45,4200,21.941864084267404,72.22522196803668,9
45,4500,5.902492391321184,14.508114135016621,9
45,4800,7.771335928803406,32.96956158423471,9
45,5100,4.029179599230941,7.374359005878349,9
45,5400,55.42910101846025,88.65596807305414,10
45,5700,5.454806152118489,16.041778553276608,10
45,6000,57.246363922640946,102.23300222820343,10
45,6300,94.3179760072889,97.6169874549351,10
45,6600,48.17199433245534,104.00106988399648,10
45,6900,4.540768132994932,8.81558422949217,10
45,7200,4.597388578530445,11.096260816272926,9
45,7500,4.760270195768574,13.233583190113357,9
45,7800,4.568171310362911,10.0202054354945,9
45,8100,5.126595605755668,11.669326577180243,9
45,8400,25.14784567798227,116.95686850840032,9
45,8700,10.243212602428972,56.68706720214092,9
45,9000,4.34644605494911,8.055446944422181,9
45,9300,4.431162172403538,9.625030433154347,9
45,9600,4.31916936983008,7.580123771881578,9
45,9900,4.291752344863156,8.076255579759142,9
45,10200,4.242171541219145,8.382611431704603,9
45,10500,4.8925077630511,13.985144440599033,9
45,10800,4.41146829445976,7.903315620213284,9
45,11100,4.25094119441825,8.636456105561976,9
45,11400,5.051371172466423,14.950999053759366,9
45,11700,5.9881665374107405,26.249365086108533,9
45,12000,65.8800704569352,105.6128982835429,9
45,12300,99.80174274545239,122.75333472999773,8
45,12600,123.86838752186483,234.56865771278373,8
45,12900,90.41611951778013,149.23905325578863,8
45,13200,1.275581018799164,5.128772583871857,1
46,0,189.24392673588576,200.6070970747875,8
46,300,108.77425258419844,189.75299076745316,8
46,600,32.262655980273166,76.20381848489532,8
46,900,13.46426636116651,57.07340020885271,9
46,1200,9.67851841694348,41.27879485492864,9
46,1500,39.43600803604247,110.19664079023958,9
46,1800,16.342293119013785,67.74341141728993,9
46,2100,6.909511364007663,17.562412677696123,9
46,2400,8.147412363333402,26.60547751343621,9
46,2700,6.973783827444706,31.689665182378533,9
46,3000,5.755853610469208,22.44924965092977,9
46,3300,5.5569279915113405,17.627332736750194,9
46,3600,6.150200743833017,19.05588897263772,9
46,3900,4.705444065056191,11.146232262326134,9
46,4200,69.14518477492334,126.24098912373012,10
46,4500,27.62585053025144,133.8943756988262,10
46,4800,44.417804239863436,106.60899794157422,10
46,5100,7.842653082810783,21.06751635432994,10
46,5400,16.946044936537,42.78767157257663,10
46,5700,6.887163014907328,22.979441563014635,10
46,6000,7.053613678853424,18.170751385075192,10
46,6300,7.420980961198307,29.53328750086281,10
46,6600,6.3888411514759875,17.626163359568764,10
46,6900,46.93579344172602,115.7601918540312,10
46,7200,24.286497634262968,68.20922141491766,10
46,7500,6.830189436261479,23.639676447486206,10
46,7800,13.514538262642603,82.15705585265155,10
46,8100,7.001487989683078,18.553973917077823,10
46,8400,6.696292292899075,23.626065619528415,10
46,8700,6.069424461104476,16.68411074200061,10
46,9000,5.900998518767519,13.957827247165465,10
46,9300,6.313775114754387,17.62835790412294,10
46,9600,6.064416477061787,14.98694425611518,10
46,9900,5.355548971444869,10.659868767351597,10
46,10200,6.690103303080264,24.40551847055832,10
46,10500,9.579754003156838,28.712103949924888,10
46,10800,5.570818114653925,14.550992414962817,10
46,11100,5.6555445439879755,12.484678371193224,10
46,11400,12.736755051025137,65.20996481595058,10
46,11700,8.731438722217913,62.4468920285692,10
46,12000,24.980871729026138,77.74958249948833,10
46,12300,48.296901625751914,153.97725190786488,10
46,12600,45.91669450590351,193.54024447096748,10
46,12900,118.97389329898677,163.06035356721304,10
46,13200,0.1016264919211752,0.3020171433986487,1
47,0,203.72421602164565,270.4890969332361,6
47,300,62.283051773157474,157.38706201742926,6
47,600,22.402451862813948,78.27655083386205,8
47,900,8.904615303392063,43.04633896179249,8
47,1200,7.557489128080863,46.102810474038236,8
47,1500,29.07692036946483,92.09255131201662,8
47,1800,7.846175701068367,48.470283283061065,8
47,2100,2.9956339414848916,16.66982859419065,8
47,2400,8.876477945753377,65.45768934885596,8
47,2700,2.6084972863786486,6.003126890600313,8
47,3000,104.86341990381358,155.12614600573832,10
47,3300,25.72275217020944,123.07162586423712,10
47,3600,4.13122692342944,16.439132764258257,10
47,3900,24.690996441976928,107.05068297230213,10
47,4200,3.9333781361141664,21.040051364206466,10
47,4500,6.4941304642128985,24.71177716545461,9
47,4800,26.04356215605609,133.6555890434641,9
47,5100,20.89472841854759,103.39644572095736,9
47,5400,88.2453434894258,106.96688422069495,9
47,5700,24.67941047347981,117.36767839804446,9
47,6000,4.167684435825598,11.40477821647833,9
47,6300,5.4614028325084645,35.9834797453494,9
47,6600,24.669189930660743,75.17305551403007,9
47,6900,10.843283050681459,95.78072172200515,9
47,7200,3.52992915622954,10.139869464187619,9
47,7500,4.236301875596924,14.452625226355714,9
47,7800,16.946835099102252,107.63999136751409,9
47,8100,5.493767304430769,22.253152907008836,9
47,8400,4.704694178611237,13.998595272190858,9
47,8700,3.992241242342222,15.722975714127532,9
47,9000,3.6879541026517635,10.114545772651063,9
47,9300,25.16907218374099,106.28669165748065,9
47,9600,4.082414237028042,13.154655356605671,9
47,9900,16.404954818760075,92.41734729729139,9
47,10200,4.768836922231353,12.957542931909828,9
47,10500,9.820239387594338,55.09463539372705,9
47,10800,3.535465301922164,13.14363876630659,9
47,11100,3.8569233490890236,12.041696885078613,9
47,11400,4.315808014739227,26.301132901468712,9
47,11700,4.6345763685672905,17.23979500219869,9
47,12000,5.074564013407381,14.624354868822813,9
47,12300,3.958378306612974,8.243691766629135,9
47,12600,3.614024798277884,7.40991377779807,9
47,12900,3.55105155064095,7.5506783407034685,9
47,13200,0.7110850244789727,1.0890059057411865,1
48,0,116.24261950422047,243.93817991206038,10
48,300,198.60609889317556,290.90960450654296,10
48,600,112.85052484631707,349.54696812164093,10
48,900,16.53634328344149,61.03570833669633,10
48,1200,9.922581968321389,51.853421843324256,10
48,1500,7.6434960361301325,28.044684830269766,10
48,1800,7.9666878519848625,25.233083909493153,10
48,2100,7.771063752479359,25.13003266162649,10
48,2400,41.32597489608399,123.96175569816513,10
48,2700,36.17650655521647,89.98587558909799,10
48,3000,6.8589295826071,21.357084242589046,9
48,3300,6.466950279437181,16.5750346072764,9
48,3600,7.19204346863244,23.72180206249726,9
48,3900,7.408126283856396,24.20873652292175,9
48,4200,44.46391887179968,132.3035291031899,10
48,4500,10.646489642046474,35.59907307014584,10
48,4800,7.9864504353397985,26.24779340566351,10
48,5100,7.2924574301328144,23.330541845967666,10
48,5400,7.386195193694384,25.777606596644034,10
48,5700,8.249662639969541,26.62690197102578,10
48,6000,8.263294448870457,25.320013611224276,10
48,6300,11.416085982282969,42.563572288599296,10
48,6600,7.812193226579703,25.60729622980537,10
48,6900,7.145237116708206,19.81054140438418,10
48,7200,7.203143436710968,21.471069635838145,10
48,7500,7.770932728201144,26.091823540633154,10
48,7800,15.049812752790803,66.50062917130221,10
48,8100,40.89508708787642,89.24265620824306,10
48,8400,8.051749786893792,26.810020591569675,10
48,8700,8.304810731722648,29.175123767695133,10
48,9000,7.695660230362429,23.557188723467547,10
48,9300,9.372159849869957,36.98699881861342,10
48,9600,37.5523713212896,124.1995683109032,10
48,9900,8.437467154791754,25.150539225444234,10
48,10200,14.432201145710913,51.015237201531534,10
48,10500,126.79363590880646,201.0949283428238,10
48,10800,30.559793659453344,185.3535155220174,10
48,11100,74.5603209456048,132.9569124733403,10
48,11400,8.301839327952646,29.504548616493683,10
48,11700,32.16803608761755,78.39519181138539,10
48,12000,8.085076696028583,25.20938570879219,10
48,12300,7.769793281992406,27.665383519147134,10
48,12600,7.474902622517581,22.773079776359374,10
48,12900,7.78936633149269,28.2330233976727,10
48,13200,0.6626067248404061,2.254176902456196,1
49,0,102.85313391620284,182.6567949450975,8
49,300,133.581333473869,233.86163484819815,8
49,600,98.10067757099604,121.00791695143474,8
49,900,136.5890194600768,200.47048136689517,9
49,1200,78.86956154112615,213.47391461123595,9
49,1500,108.749883966035,286.68798857147954,9
49,1800,73.69728440164563,120.61612058031174,9
49,2100,32.091354496391695,114.90358742295007,9
49,2400,4.107803941246638,18.903180555892867,9
49,2700,15.909621490106339,99.09468418537219,9
49,3000,96.66801716622595,250.40937550867275,10
49,3300,27.74572901895401,169.91458097821882,10
49,3600,4.974996311644738,20.748424509488835,10
49,3900,16.661010192872393,105.56299362386585,10
49,4200,83.09754072356779,110.13998549672881,10
49,4500,6.917556080268373,59.557619225214665,10
49,4800,4.313404365833104,19.126148360573502,10
49,5100,6.457763913432003,28.913191283489574,10
49,5400,16.992717426321107,140.35779898825015,10
49,5700,3.55198809148622,6.498697052491489,10
49,6000,7.9459130404294305,53.007351886435295,10
49,6300,7.466861671428197,51.295383819450336,10
49,6600,4.488099097211553,24.585468423680343,10
49,6900,3.8559002141367804,11.081167718254136,10
49,7200,3.8704389833128605,13.45770637983067,8
49,7500,3.70198985792186,10.97525021131376,8
49,7800,4.172191162612114,14.445310502505567,8
49,8100,4.737538928456791,23.51386948804867,8
49,8400,3.736652402357778,12.153893143124293,8
49,8700,78.79184072550977,175.5631482110016,8
49,9000,103.41466455648936,154.73578904515136,8
49,9300,90.07353145866797,126.08670977448732,8
49,9600,87.78424148505579,100.9665222273432,8
49,9900,10.222779988655885,55.8960090408782,8
49,10200,3.4557489586416033,9.266745743565867,7
49,10500,3.27936601506628,9.902289290758723,7
49,10800,2.896745393705448,4.541084061226076,7
49,11100,3.323457509098761,7.192088109687577,7
49,11400,3.270620986499299,6.2194994558832235,7
49,11700,3.8878894000579396,8.638236224193145,7
49,12000,3.323276914826062,9.887593555336421,7
49,12300,3.812319524162067,8.400584770661798,7
49,12600,3.5164546833094663,7.299457105839184,6
49,12900,2.7483462344285536,5.1049754744514875,6
